-- phpMyAdmin SQL Dump
-- version 5.2.1
-- https://www.phpmyadmin.net/
--
-- Host: localhost:3306
-- Generation Time: Dec 10, 2023 at 02:54 PM
-- Server version: 5.7.33
-- PHP Version: 7.4.32

SET SQL_MODE = "NO_AUTO_VALUE_ON_ZERO";
START TRANSACTION;
SET time_zone = "+00:00";


/*!40101 SET @OLD_CHARACTER_SET_CLIENT=@@CHARACTER_SET_CLIENT */;
/*!40101 SET @OLD_CHARACTER_SET_RESULTS=@@CHARACTER_SET_RESULTS */;
/*!40101 SET @OLD_COLLATION_CONNECTION=@@COLLATION_CONNECTION */;
/*!40101 SET NAMES utf8mb4 */;

--
-- Database: `en-stock`
--

-- --------------------------------------------------------

--
-- Table structure for table `attributes`
--

CREATE TABLE `attributes` (
  `id` int(11) NOT NULL,
  `name` varchar(255) NOT NULL,
  `active` int(11) NOT NULL
) ENGINE=InnoDB DEFAULT CHARSET=utf8;

--
-- Dumping data for table `attributes`
--

INSERT INTO `attributes` (`id`, `name`, `active`) VALUES
(5, 'ชั้น', 1);

-- --------------------------------------------------------

--
-- Table structure for table `attribute_value`
--

CREATE TABLE `attribute_value` (
  `id` int(11) NOT NULL,
  `value` varchar(255) NOT NULL,
  `attribute_parent_id` int(11) NOT NULL
) ENGINE=InnoDB DEFAULT CHARSET=utf8;

--
-- Dumping data for table `attribute_value`
--

INSERT INTO `attribute_value` (`id`, `value`, `attribute_parent_id`) VALUES
(5, 'ชั้นที่ #1', 2),
(6, 'ชั้นที่ #2', 2),
(7, '1', 3),
(8, '2', 3),
(9, 'ชั้นที่ #3', 2),
(10, 'ชั้นที่ #4', 2),
(12, 'ชั้นที่ #5', 2),
(14, 'ชั้น บน', 1),
(15, 'ชั้น ล่าง', 1),
(20, 'ล็อกเกอร์เหล็ก', 2),
(21, 'ชั้น 1', 4),
(22, 'ชั้น 2', 4),
(23, 'ชั้น 3', 4),
(24, 'ชั้น 4', 4),
(25, 'ชั้น 5', 4),
(26, 'ชั้น 6', 4),
(27, '3', 3),
(28, '4', 3),
(29, 'ชั้นล่าง', 5),
(30, 'ชั้นบน', 5),
(31, 'รอบนอก', 5),
(35, '1', 6),
(36, '2', 6),
(37, '3', 6),
(38, '4', 6),
(39, '5', 6),
(40, '6', 6),
(41, '1', 7),
(42, '2', 7),
(43, '3', 7),
(44, '4', 7),
(45, '5', 7),
(46, '6', 7);

-- --------------------------------------------------------

--
-- Table structure for table `brands`
--

CREATE TABLE `brands` (
  `id` int(11) NOT NULL,
  `name` varchar(255) NOT NULL,
  `active` int(11) NOT NULL
) ENGINE=InnoDB DEFAULT CHARSET=utf8;

--
-- Dumping data for table `brands`
--

INSERT INTO `brands` (`id`, `name`, `active`) VALUES
(4, 'นิปเปิ้ล', 1),
(5, 'ข้อต่อตรง', 1),
(6, 'ข้องอ', 1),
(7, 'ยูเนี่ยน', 1),
(8, 'ข้อต่อสามทาง', 1),
(9, 'เฟอร์รูล', 1),
(10, 'สารหล่อลื่น', 1),
(11, 'สี', 1),
(12, 'ท่อ', 1),
(13, 'สายไฟ', 1),
(14, 'อื่นๆ', 1),
(15, 'ข้อลดกลม', 1),
(16, 'ข้อลดเหลี่ยม', 1),
(17, 'หน้าแปลน', 1),
(18, 'ปลั๊กอุด', 1),
(19, 'ฝาครอบ', 1),
(20, 'บอลวาล์ว', 1),
(21, 'ก้ามปู', 1),
(22, 'ข้อต่อเข้ากล่อง', 1),
(23, 'สายลม', 1),
(24, 'ก๊อกน้ำ', 1),
(25, 'โกล์บวาล์ว', 1),
(26, 'บอลวาล์ว', 1),
(27, 'บัตเตอร์ฟลายวาล์ว', 1),
(28, 'กาว', 1),
(29, 'สายส่ง', 1),
(30, 'เส้น', 1),
(31, 'รางยู', 1),
(32, 'รางซี', 1),
(33, 'ท่อสั้นปลายเกลียว', 1),
(34, 'ฉาก', 1),
(36, 'กล่อง', 1),
(37, 'สายพาน', 1),
(38, 'หลอดไฟ', 1),
(39, 'แค้มรัดสาย', 1),
(40, 'เทป', 1),
(41, 'ใบตัด', 1),
(42, 'ใบเจียร', 1),
(43, 'ลวดเชื่อม', 1),
(44, 'ตลับลูกปืน', 1),
(45, 'ดอกสว่าน', 1),
(46, 'ล้อ', 1),
(47, 'จาระบี', 1),
(48, 'น้ำมัน', 1),
(49, 'ยูโบล์ท', 1),
(50, 'อายโบลท์', 1),
(51, 'สะเก็น', 1),
(52, 'ข้อต่อลม', 1),
(53, 'อุปกรณ์เครื่องจักร', 1),
(54, 'กระดาษทราย', 1),
(55, 'น๊อต', 1);

-- --------------------------------------------------------

--
-- Table structure for table `categories`
--

CREATE TABLE `categories` (
  `id` int(11) NOT NULL,
  `name` varchar(255) NOT NULL,
  `active` int(11) NOT NULL
) ENGINE=InnoDB DEFAULT CHARSET=utf8;

--
-- Dumping data for table `categories`
--

INSERT INTO `categories` (`id`, `name`, `active`) VALUES
(4, 'กาวาไนท์', 1),
(5, 'สตีม', 1),
(6, 'สแตนเลส', 1),
(9, 'สเปรย์กระป๋อง', 1),
(10, 'อุปกรณ์ไฟฟ้า', 1),
(12, 'อุปกรณ์ก่อสร้าง', 1),
(13, 'PVC', 1),
(14, 'อุปกรณ์ท่อลม', 1),
(15, 'อุปกรณ์ประปา', 1),
(16, 'ทองเหลือง', 1),
(18, 'อุปกรณ์ผลิต', 1),
(19, 'อุปกรณ์ซ่อมบำรุง', 1),
(20, 'อื่นๆ', 1),
(21, 'อุปกรณ์สุขภัณฑ์', 1),
(22, 'เหล็ก', 1),
(23, 'อุปกรณ์ป้องกัน', 1),
(24, 'UPVC', 1),
(25, 'ข้อต่อลม', 1),
(26, 'อุปกรณ์เกี่ยวกับลม', 1),
(27, 'ถุงลม', 1);

-- --------------------------------------------------------

--
-- Table structure for table `company`
--

CREATE TABLE `company` (
  `id` int(11) NOT NULL,
  `company_name` varchar(255) NOT NULL,
  `service_charge_value` varchar(255) NOT NULL,
  `vat_charge_value` varchar(255) NOT NULL,
  `address` varchar(255) NOT NULL,
  `phone` varchar(255) NOT NULL,
  `country` varchar(255) NOT NULL,
  `message` text NOT NULL,
  `currency` varchar(255) NOT NULL
) ENGINE=InnoDB DEFAULT CHARSET=utf8;

--
-- Dumping data for table `company`
--

INSERT INTO `company` (`id`, `company_name`, `service_charge_value`, `vat_charge_value`, `address`, `phone`, `country`, `message`, `currency`) VALUES
(1, 'บริษัท นอร์ธเทอร์น ฟู้ด คอมเพล็กซ์ จำกัด', '0', '0', '99/3 ถนนเชียงราย- ดงมะดะ ต. แม่กรณ์ อ.เมือง จ.เชียงราย 57000', '053673985', 'Thailand', '..', 'THB');

-- --------------------------------------------------------

--
-- Table structure for table `groups`
--

CREATE TABLE `groups` (
  `id` int(11) NOT NULL,
  `group_name` varchar(255) NOT NULL,
  `permission` text NOT NULL
) ENGINE=InnoDB DEFAULT CHARSET=utf8;

--
-- Dumping data for table `groups`
--

INSERT INTO `groups` (`id`, `group_name`, `permission`) VALUES
(1, 'Administrator', 'a:36:{i:0;s:10:\"createUser\";i:1;s:10:\"updateUser\";i:2;s:8:\"viewUser\";i:3;s:10:\"deleteUser\";i:4;s:11:\"createGroup\";i:5;s:11:\"updateGroup\";i:6;s:9:\"viewGroup\";i:7;s:11:\"deleteGroup\";i:8;s:11:\"createBrand\";i:9;s:11:\"updateBrand\";i:10;s:9:\"viewBrand\";i:11;s:11:\"deleteBrand\";i:12;s:14:\"createCategory\";i:13;s:14:\"updateCategory\";i:14;s:12:\"viewCategory\";i:15;s:14:\"deleteCategory\";i:16;s:11:\"createStore\";i:17;s:11:\"updateStore\";i:18;s:9:\"viewStore\";i:19;s:11:\"deleteStore\";i:20;s:15:\"createAttribute\";i:21;s:15:\"updateAttribute\";i:22;s:13:\"viewAttribute\";i:23;s:15:\"deleteAttribute\";i:24;s:13:\"createProduct\";i:25;s:13:\"updateProduct\";i:26;s:11:\"viewProduct\";i:27;s:13:\"deleteProduct\";i:28;s:11:\"createOrder\";i:29;s:11:\"updateOrder\";i:30;s:9:\"viewOrder\";i:31;s:11:\"deleteOrder\";i:32;s:11:\"viewReports\";i:33;s:13:\"updateCompany\";i:34;s:11:\"viewProfile\";i:35;s:13:\"updateSetting\";}'),
(4, 'engineer', 'a:28:{i:0;s:11:\"createBrand\";i:1;s:11:\"updateBrand\";i:2;s:9:\"viewBrand\";i:3;s:11:\"deleteBrand\";i:4;s:14:\"createCategory\";i:5;s:14:\"updateCategory\";i:6;s:12:\"viewCategory\";i:7;s:14:\"deleteCategory\";i:8;s:11:\"createStore\";i:9;s:11:\"updateStore\";i:10;s:9:\"viewStore\";i:11;s:11:\"deleteStore\";i:12;s:15:\"createAttribute\";i:13;s:15:\"updateAttribute\";i:14;s:13:\"viewAttribute\";i:15;s:15:\"deleteAttribute\";i:16;s:13:\"createProduct\";i:17;s:13:\"updateProduct\";i:18;s:11:\"viewProduct\";i:19;s:13:\"deleteProduct\";i:20;s:11:\"createOrder\";i:21;s:11:\"updateOrder\";i:22;s:9:\"viewOrder\";i:23;s:11:\"deleteOrder\";i:24;s:11:\"viewReports\";i:25;s:13:\"updateCompany\";i:26;s:11:\"viewProfile\";i:27;s:13:\"updateSetting\";}'),
(5, 'user', 'a:4:{i:0;s:11:\"createOrder\";i:1;s:9:\"viewOrder\";i:2;s:11:\"viewProfile\";i:3;s:13:\"updateSetting\";}');

-- --------------------------------------------------------

--
-- Table structure for table `orders`
--

CREATE TABLE `orders` (
  `id` int(11) NOT NULL,
  `bill_no` varchar(255) NOT NULL,
  `customer_name` varchar(255) NOT NULL,
  `customer_address` varchar(255) NOT NULL,
  `customer_phone` varchar(255) NOT NULL,
  `date_time` varchar(255) NOT NULL,
  `gross_amount` varchar(255) NOT NULL,
  `service_charge_rate` varchar(255) NOT NULL,
  `service_charge` varchar(255) NOT NULL,
  `vat_charge_rate` varchar(255) NOT NULL,
  `vat_charge` varchar(255) NOT NULL,
  `net_amount` varchar(255) NOT NULL,
  `discount` varchar(255) NOT NULL,
  `paid_status` int(11) NOT NULL,
  `user_id` int(11) NOT NULL
) ENGINE=InnoDB DEFAULT CHARSET=utf8;

--
-- Dumping data for table `orders`
--

INSERT INTO `orders` (`id`, `bill_no`, `customer_name`, `customer_address`, `customer_phone`, `date_time`, `gross_amount`, `service_charge_rate`, `service_charge`, `vat_charge_rate`, `vat_charge`, `net_amount`, `discount`, `paid_status`, `user_id`) VALUES
(1, 'EN-3661A', 'มานพ ศรีจุมปา', 'งานซ่อม', 'ตัดต่อสตีมกรอง 1', '1675743487', '345.00', '0', '0', '0', '0', '345.00', '', 1, 1),
(2, 'EN-22F8A', 'มานพ ศรีจุมปา', 'งานซ่อม', 'แก้ไขปั๊มลม B2', '1675743546', '65.00', '0', '0', '0', '0', '65.00', '', 1, 1),
(3, 'EN-58F58', 'ยศพนธ์ โพธิ', 'งานซ่อม', 'ทาสี ถังขยะ', '1675991894', '120.00', '0', '0', '0', '0', '120.00', '', 1, 1),
(4, 'EN-D5611', 'นาย เจษกร คำวรรณ์', 'งานซ่อม', 'พ่นสีตู้เก็บสารเคมี', '1676100375', '120.00', '0', '0', '0', '0', '120.00', '', 1, 1),
(5, 'EN-9056F', 'นาย ณัฐพล ขันเขียว', 'งานซ่อม', 'ติดตั้งถังกรองตะกอน', '1676453917', '1605.00', '0', '0', '0', '0', '1605.00', '', 1, 1),
(6, 'EN-DB531', 'สาวิกา พินิจ', 'งานซ่อม', 'พ่นถัง 1000 L', '1676515938', '240.00', '0', '0', '0', '0', '240.00', '', 1, 1),
(7, 'EN-51981', 'เจษกร คำวรรณ์ ', 'งานซ่อม', 'ซ่อมท่อปั๊ม บ่อ A B', '1676533661', '160.00', '0', '0', '0', '0', '160.00', '', 1, 1),
(8, 'EN-FB070', 'สราวุฒิ โฆษิตเกียรติคุณ', 'งานซ่อม', '', '1676710076', '10.00', '0', '0', '0', '0', '10.00', '', 1, 1),
(9, 'EN-38975', 'พงศภัค สมใหม่', 'งานซ่อม', 'เอาไปพ่นสี', '1677050961', '120.00', '0', '0', '0', '0', '120.00', '', 1, 1),
(10, 'EN-D8F70', 'สุพจน์ ช่างฆ้อง', 'งานซ่อม', 'ทำสีขาค้ำยันรางสายพานลำเรียงขวดแก้ว', '1677051077', '1150.00', '0', '0', '0', '0', '1150.00', '', 1, 1),
(11, 'EN-3049B', 'ณัฐพล ขันเขียว', 'งานซ่อม', 'เดินสายไฟวาล์วคอนโทรลสเปรย์น้ำ', '1687768923', '0.00', '0', '0', '0', '0', '0.00', '', 1, 1),
(12, 'EN-276DC', 'ณัฐพล ขันเขียว', 'งานซ่อม', 'ซ่อมท่อซีอิ้วถังผสม 1 และ 2', '1687941801', '32480.00', '0', '0', '0', '0', '32480.00', '', 1, 1),
(13, 'EN-E8B91', 'คมสันต์ สมบูรณ์ชัย', 'งานซ่อม', 'เซฟตี้วาล์วถังพักลม B3', '1687942836', '48.00', '0', '0', '0', '0', '48.00', '', 1, 1),
(14, 'EN-61E4E', 'สุพจน์ ช่างฆ้อง', 'งานซ่อม', 'งานติดตั้งโซลินอยด์วาล์ว', '1688095276', '0.00', '0', '0', '0', '0', '0.00', '', 1, 1),
(15, 'EN-EB14C', 'ณัฐพล ขันเขียว', 'งานซ่อม', 'ซ่อมท่อส่งจากแท้งค์แชมเปญเข้าถังคาร์บอน', '1688351949', '0.00', '0', '0', '0', '0', '0.00', '', 1, 1),
(16, 'EN-DB67E', 'ยศพนธ์ โพธิ', 'งานซ่อม', 'ซ่อมของ้อป้อมยาม', '1688630004', '0.00', '0', '0', '0', '0', '0.00', '', 1, 1),
(17, 'EN-37D28', 'ณรงค์ศักดิ์ แซ่จาว', 'งานซ่อม', 'หล่อลื่นเฟื่องเกียร์', '1689064440', '195.00', '0', '0', '0', '0', '195.00', '', 1, 1),
(18, 'EN-342E9', 'ณัฐพล ขันเขียว', 'งานซ่อม', 'เดินท่อ+ก๊อกน้ำป้อมยาม', '1689233741', '0.00', '0', '0', '0', '0', '0.00', '', 1, 1),
(19, 'EN-82BE3', 'เจษกร คำวรรณ์', 'งานซ่อม', 'ฉีดทำความสะอาดแผงวงจร', '1689414437', '200.00', '0', '0', '0', '0', '200.00', '', 1, 1),
(20, 'EN-CFDF8', 'สุเทพ ปวงรังษี', 'งานซ่อม', 'ซ่อมบำรุงทั่วไป', '1689999137', '195.00', '0', '0', '0', '0', '195.00', '', 1, 2),
(21, 'EN-0E6B2', 'มานพ ศรีจุมปา', 'งานซ่อม', 'ซ่อมท่อน้ำถังน้ำซอฟต์ ผลิต1', '1689999435', '95.00', '0', '0', '0', '0', '95.00', '', 1, 2),
(22, 'EN-68385', 'สุเทพ ปวงรังษี', 'งานซ่อม', 'ติดตั้งก๊อกอ่างล้างมือ B5', '1690000162', '375.00', '0', '0', '0', '0', '375.00', '', 1, 2),
(23, 'EN-14E2B', 'มานพ ศรีจุมปา', 'งานซ่อม', 'หล่อลื่นชิ้นส่วนเครื่องจักร', '1690000716', '195.00', '0', '0', '0', '0', '195.00', '', 1, 2),
(24, 'EN-B351D', 'ณัฐพล ขันเขียว', 'งานซ่อม', 'ต่อปั๊มน้ำบ่อน้ำเสียบ่อ 5', '1690001523', '590.00', '0', '0', '0', '0', '590.00', '', 1, 2),
(25, 'EN-1AEB5', 'มานพ ศรีจุมปา', 'งานซ่อม', 'ซ่องก๊อกน้ำโรงน้ำดิบ', '1690771298', '159.00', '0', '0', '0', '0', '159.00', '', 1, 2),
(26, 'EN-142E9', 'ณรงค์ศักดิ์ แซ่จาว', 'งานซ่อม', 'ซ่อมมอเตอร์บ่อน้ำเสีย', '1690771379', '25.00', '0', '0', '0', '0', '25.00', '', 1, 2),
(27, 'EN-1EDDB', 'ภานุวัฒน์ ยางรัมย์', 'งานซ่อม', 'เปลี่ยนปั๊มน้ำคลูลิ่ง ถัง c', '1690775766', '0.00', '0', '0', '0', '0', '0.00', '', 1, 2),
(28, 'EN-8D02D', 'ภานุวัฒน์ ยางรัมย์', 'งานซ่อม', 'ซ่อม RX300', '1690776454', '195.00', '0', '0', '0', '0', '195.00', '', 1, 2),
(29, 'EN-72F5D', 'สุเทพ ปวงรังษี', 'งานซ่อม', 'ล้างแผงวงจร', '1691120149', '200.00', '0', '0', '0', '0', '200.00', '', 1, 2),
(30, 'EN-EA3AF', 'ณัฐพล ขันเขียว', 'งานซ่อม', 'ประกอบวาล์ว เปิด-ปิด น้ำเสียบ่อที่ 3 ไปบ่อที่ 4', '1691120704', '625.00', '0', '0', '0', '0', '625.00', '', 1, 2),
(31, 'EN-09055', 'ภานุวัฒน์ ยางรัมย์', 'งานซ่อม', 'เปลี่ยนท่อน้ำทิ้งป้อม รปภ.', '1691121726', '55.00', '0', '0', '0', '0', '55.00', '', 1, 2),
(32, 'EN-A51BE', 'สุเทพ ปวงรังษี', 'งานซ่อม', 'ซ่อมท่อโมโรมิแตก B4 คั้น', '1691122039', '0.00', '0', '0', '0', '0', '0.00', '', 1, 2),
(33, 'EN-09C9A', 'พงศพัศ สมใหม่', 'งานซ่อม', 'ทำตู้เก็บของแผนกวิศวกรรม', '1691555188', '0.00', '0', '0', '0', '0', '0.00', '', 1, 2),
(34, 'EN-C4B92', 'ณัฐพล ขันเขียว', 'งานซ่อม', 'งาน boiler ', '1691556043', 'NaN', '0', '0', '0', '0', 'NaN', '', 1, 2),
(35, 'EN-828EA', 'ณรงค์ศักดิ์ แซ่จาว', 'งานซ่อม', 'PM เครื่องจักร', '1691556152', '195.00', '0', '0', '0', '0', '195.00', '', 1, 2),
(36, 'EN-FE589', 'มานพ ศรีจุมปา', 'งานซ่อม', 'น้ำซอฟต์', '1691556290', '0.00', '0', '0', '0', '0', '0.00', '', 1, 2),
(37, 'EN-483EA', 'ณรงค์ศักดิ์ แซ่จาว', 'งานซ่อม', 'PM เครื่องจักร', '1691556496', '195.00', '0', '0', '0', '0', '195.00', '', 1, 2),
(38, 'EN-0080E', 'พงศพัศ สมใหม่', 'งานซ่อม', 'ใช้ในแผนก', '1691556656', '195.00', '0', '0', '0', '0', '195.00', '', 1, 2),
(39, 'EN-0BB25', 'ยศพนธ์ โพธิ', 'งานซ่อม', 'งาน IT', '1691980102', '200.00', '0', '0', '0', '0', '200.00', '', 1, 2),
(40, 'EN-21EC4', 'สุเทพ ปวงรังษี', 'งานซ่อม', 'ย้ายไฟผนังห้องโต๊ะทำงาน หัวหน้า B4 คั้น', '1691993884', '0.00', '0', '0', '0', '0', '0.00', '', 1, 2),
(41, 'EN-F5961', 'ณัฐพล ขันเขียว', 'งานซ่อม', 'ซ่อม Pressure แท็งค์แชมเปญ', '1691994887', '209.00', '0', '0', '0', '0', '209.00', '', 1, 2),
(42, 'EN-7C26B', 'เจษกร คำวรรณ์', 'งานซ่อม', 'ทำความสะอาดบอยเลอร์', '1691995259', '150.00', '0', '0', '0', '0', '150.00', '', 1, 2),
(43, 'EN-AC82B', 'ยศพนธ์ โพธิ', 'งานซ่อม', 'ซ่อมบำรุงทั่วไป', '1692325416', '195.00', '0', '0', '0', '0', '195.00', '', 1, 2),
(44, 'EN-3C556', 'ณรงค์ศักดิ์ แซ่จาว', 'งานซ่อม', 'ซ่อมบอยเลอร์พันท่อปั๊มน้ำ', '1692325487', '0.00', '0', '0', '0', '0', '0.00', '', 1, 2),
(45, 'EN-3E85F', 'ยศพนธ์ โพธิ', 'งานซ่อม', 'เปลี่ยนหลอดไฟห้องฆ่าเชื้อ', '1692325533', '0.00', '0', '0', '0', '0', '0.00', '', 1, 2),
(46, 'EN-03210', 'มานพ ศรีจุมปา', 'งานซ่อม', 'เปลี่ยนลูกลอยซักโครกห้องน้ำชาย', '1692327145', '0.00', '0', '0', '0', '0', '0.00', '', 1, 2),
(47, 'EN-5A8AD', 'พงศพัศ สมใหม่', 'งานซ่อม', 'เปลี่ยนล้อที่เก็บอุปกรณ์', '1692586832', '0.00', '0', '0', '0', '0', '0.00', '', 1, 2),
(48, 'EN-048A1', 'มานพ ศรีจุมปา', 'งานซ่อม', 'ลมย้ายฐานคั้น', '1692586898', '15.00', '0', '0', '0', '0', '15.00', '', 1, 2),
(49, 'EN-09EE7', 'ยศพนธ์ โพธิ', 'งานซ่อม', 'ซ่อมท่อน้ำบนห้องล้างขวด', '1692587046', '0.00', '0', '0', '0', '0', '0.00', '', 1, 2),
(50, 'EN-1D0D7', 'มานพ ศรีจุมปา', 'งานซ่อม', 'โรงน้ำดิบ', '1692758661', '10.00', '0', '0', '0', '0', '10.00', '', 1, 2),
(51, 'EN-9A7DA', 'มานพ ศรีจุมปา', 'งานซ่อม', 'บ่อน้ำเสีย', '1692759626', '25.00', '0', '0', '0', '0', '25.00', '', 1, 2),
(52, 'EN-5745F', 'เจษกร คำวรรณ์', 'งานซ่อม', 'เปลี่ยนวาล์วโมโรมิ คั้น', '1692759989', '1050.00', '0', '0', '0', '0', '1050.00', '', 2, 2),
(53, 'EN-85EF7', 'พงศพัศ สมใหม่', 'งานซ่อม', 'ทำตะแกรงบ่อน้ำเกลือ B2', '1692761733', '0.00', '0', '0', '0', '0', '0.00', '', 1, 2),
(54, 'EN-FB24E', 'ยศพนธ์ โพธิ', 'งานซ่อม', 'พันถังรั่ว', '1693191928', '0.00', '0', '0', '0', '0', '0.00', '', 1, 2),
(55, 'EN-0D3DD', 'ณัฐพล ขันเขียว', 'งานซ่อม', 'ทดลองอุณหภูมิขาออกซี้อิ้ว', '1693192155', '650.00', '0', '0', '0', '0', '650.00', '', 1, 2),
(56, 'EN-D3960', 'ณัฐพล ขันเขียว', 'งานซ่อม', 'เปลี่นหลอดแก้วระดับน้ำ boiler', '1693192559', '0.00', '0', '0', '0', '0', '0.00', '', 1, 2),
(57, 'EN-E4140', 'ยศพนธ์ โพธิ', 'งานซ่อม', 'ล้างถัง 1000L', '1693192705', '0.00', '0', '0', '0', '0', '0.00', '', 1, 2),
(58, 'EN-EF189', 'คมสันต์ สมบูรณ์ชัย', 'งานซ่อม', 'ห้องผสมซอส', '1693193157', '1200.00', '0', '0', '0', '0', '1200.00', '', 1, 2),
(59, 'EN-8F97D', 'ณัฐพล ขันเขียว', 'งานซ่อม', 'งานติดตั้งระบบเปิด-ปิด น้ำบ่อน้ำเสีย บ่อ 3 ไปบ่อ 4', '1693376849', '0.00', '0', '0', '0', '0', '0.00', '', 1, 2),
(60, 'EN-DAE66', 'ภานุวัฒน์ ยางรัมย์', 'งานซ่อม', 'ต่อท่อถังเรซิ่นน้ำซอฟต์', '1693639634', '0.00', '0', '0', '0', '0', '0.00', '', 1, 2),
(61, 'EN-F7BEC', 'มานพ ศรีจุมปา', 'งานซ่อม', 'น้ำซอฟต์ผลิต 1', '1693639894', '65.00', '0', '0', '0', '0', '65.00', '', 1, 2),
(62, 'EN-37432', 'คมสันต์ สมบูรณ์ชัย', 'งานซ่อม', 'ติดสายยางส่วนบรรจุ', '1693640267', '578.00', '0', '0', '0', '0', '578.00', '', 1, 2),
(63, 'EN-0463F', 'มานพ ศรีจุมปา', 'งานซ่อม', 'น้ำซอฟ', '1693640396', '365.00', '0', '0', '0', '0', '365.00', '', 1, 2),
(64, 'EN-CF6EA', 'ภานุวัฒน์ ยางรัมย์', 'งานซ่อม', 'ลับคมเครื่องบีบน้ำมัน B2', '1693640556', '0.00', '0', '0', '0', '0', '0.00', '', 1, 2),
(65, 'EN-FED4B', 'คมสันต์ สมบูรณ์ชัย', 'งานซ่อม', 'ทำที่ไว้สายยางห้องผสมซอส', '1694574883', '0.00', '0', '0', '0', '0', '0.00', '', 1, 2),
(66, 'EN-15664', 'มานพ ศรีจุมปา', 'งานซ่อม', 'บ่อเกลือ B2', '1694575040', '0.00', '0', '0', '0', '0', '0.00', '', 1, 2),
(67, 'EN-32983', 'ณรงค์ศักดิ์ แซ่จาว', 'งานซ่อม', 'เปลี่ยนวาว์ลโคจิ 1 B2', '1694575147', '0.00', '0', '0', '0', '0', '0.00', '', 1, 2),
(68, 'EN-28CB6', 'สุพจน์ ช่างฆ้อง', 'งานซ่อม', 'ใช้งานทั่วไป', '1694575186', '195.00', '0', '0', '0', '0', '195.00', '', 1, 2),
(69, 'EN-19861', 'สุเทพ ปวงรังษี', 'งานซ่อม', 'ติดตั้งเครื่องบีบน้ำมัน B2', '1694575250', '0.00', '0', '0', '0', '0', '0.00', '', 1, 2),
(70, 'EN-4699E', 'เจษกร คำวรรณ์', 'งานซ่อม', 'PM เครื่องจักร', '1694575368', '0.00', '0', '0', '0', '0', '0.00', '', 1, 2),
(71, 'EN-A64AA', 'ภานุวัฒน์ ยางรัมย์', 'งานซ่อม', 'เปลี่ยนตัวบีบน้ำชำระห้องน้ำหญิง', '1694575485', '55.00', '0', '0', '0', '0', '55.00', '', 1, 2),
(72, 'EN-CED97', 'สราวุฒิ โฆษิตเกียรติคุณ', 'งานซ่อม', 'ซ่อมบันไดขึ้นถัง C', '1694576001', '12650.00', '0', '0', '0', '0', '12650.00', '', 1, 2),
(73, 'EN-C72D7', 'ภานุวัฒน์ ยางรัมย์', 'งานซ่อม', 'ทำค้อนปอนด์ทุบเกลือ', '1694576303', '240.00', '0', '0', '0', '0', '240.00', '', 1, 2),
(74, 'EN-4909F', 'ณรงค์ศักดิ์ แซ่จาว', 'งานซ่อม', 'บำรุงเครื่องจักร', '1694576375', '195.00', '0', '0', '0', '0', '195.00', '', 1, 2),
(75, 'EN-3782B', 'สุเทพ ปวงรังษี', 'งานซ่อม', 'ติดตั้งปั๊มน้ำเกลือโรงน้ำดิบ', '1694576795', '72.00', '0', '0', '0', '0', '72.00', '', 1, 2),
(76, 'EN-0B9E1', 'ภานุวัฒน์ ยางรัมย์', 'งานซ่อม', 'เปลี่ยนก๊อกน้ำ B3', '1694576905', '160.00', '0', '0', '0', '0', '160.00', '', 1, 2),
(77, 'EN-AEC20', 'สุพจน์ ช่างฆ้อง', 'งานซ่อม', 'ประกอบหม้อกับถัง 1000 ลิตร', '1694576981', '0.00', '0', '0', '0', '0', '0.00', '', 1, 2),
(78, 'EN-DA203', 'สุพจน์ ช่างฆ้อง', 'งานซ่อม', 'พันเกลียวถัง 1000 L', '1694577229', '60.00', '0', '0', '0', '0', '60.00', '', 1, 2),
(79, 'EN-437B1', 'ภานุวัฒน์ ยางรัมย์', 'งานซ่อม', 'ใช้ภายในแผนกวิศวกรรม', '1694577362', '195.00', '0', '0', '0', '0', '195.00', '', 1, 2),
(80, 'EN-96FA0', 'ณรงค์ศักดิ์ แซ่จาว', 'งานซ่อม', 'บีบน้ำมัน', '1694577426', '0.00', '0', '0', '0', '0', '0.00', '', 1, 2),
(81, 'EN-D5827', 'คมสันต์ สมบูรณ์ชัย', 'งานซ่อม', 'ซ่อมตู้หัวจ่ายโมโรมิ', '1694577516', '0.00', '0', '0', '0', '0', '0.00', '', 1, 2),
(82, 'EN-961F7', 'เจษกร คำวรรณ์', 'งานซ่อม', 'รัดสายาง', '1694578297', '0.00', '0', '0', '0', '0', '0.00', '', 1, 2),
(83, 'EN-2DBFB', 'ณัฐพล ขันเขียว', 'งานซ่อม', 'ซ่อมบำรุงทั่วไป', '1694676860', '0.00', '0', '0', '0', '0', '0.00', '', 1, 2),
(84, 'EN-B3551', 'เจษกร คำวรรณ์', 'งานซ่อม', 'ซ่อมชักโครกห้องน้ำหญิง', '1694676937', '0.00', '0', '0', '0', '0', '0.00', '', 1, 2),
(85, 'EN-86792', 'ยศพนธ์ โพธิ', 'งานซ่อม', 'ถัง 1000 L', '1694677011', '0.00', '0', '0', '0', '0', '0.00', '', 1, 2),
(86, 'EN-4F0FA', 'ณรงค์ศักดิ์ แซ่จาว', 'งานซ่อม', 'ซ่อมมอเตอร์เครื่องผสม B4', '1694769235', '0.00', '0', '0', '0', '0', '0.00', '', 1, 2),
(87, 'EN-A9799', 'ณัฐพล ขันเขียว', 'งานซ่อม', 'ซ่อมท่อถังผสมสแตนเลสรั่ว', '1694769499', '2120.00', '0', '0', '0', '0', '2120.00', '', 1, 2),
(88, 'EN-B1311', 'พงศพัศ สมใหม่', 'งานซ่อม', 'ซ่อมล้อแฮนด์ลิฟต์', '1694769554', '195.00', '0', '0', '0', '0', '195.00', '', 1, 2),
(89, 'EN-BDC74', 'ณรงค์ศักดิ์ แซ่จาว', 'งานซ่อม', 'ซ่อมท่อระบายแรงดัน B4', '1694769907', '0.00', '0', '0', '0', '0', '0.00', '', 1, 2),
(90, 'EN-AB812', 'พงศพัศ สมใหม่', 'งานซ่อม', 'รัดสายยาง', '1694770240', '0.00', '0', '0', '0', '0', '0.00', '', 1, 2),
(91, 'EN-C5C05', 'มานพ ศรีจุมปา', 'งานซ่อม', 'เครื่องกรองน้ำมัน', '1694770545', '0.00', '0', '0', '0', '0', '0.00', '', 1, 2),
(92, 'EN-452BB', 'เจษกร คำวรรณ์', 'งานซ่อม', 'เปลี่ยนท่อ B3', '1695020670', '0.00', '0', '0', '0', '0', '0.00', '', 1, 2),
(93, 'EN-17F2A', 'ภานุวัฒน์ ยางรัมย์', 'งานซ่อม', 'เปลี่นแคมป์รัดสายยางเครื่องบีบน้ำมัน', '1695020749', '0.00', '0', '0', '0', '0', '0.00', '', 1, 2),
(94, 'EN-FCCAB', 'เจษกร คำวรรณ์', 'งานซ่อม', 'พันเกลียวถัง 1000 L', '1695020852', '0.00', '0', '0', '0', '0', '0.00', '', 1, 2),
(95, 'EN-2CA99', 'ภานุวัฒน์ ยางรัมย์', 'งานซ่อม', 'ใช้ในแผนก', '1695020919', '0.00', '0', '0', '0', '0', '0.00', '', 1, 2),
(96, 'EN-9A9D1', 'สุเทพ ปวงรังษี', 'งานซ่อม', 'ทาสี ชุดแอร์เรเตอร์', '1695020974', '70.00', '0', '0', '0', '0', '70.00', '', 1, 2),
(97, 'EN-0D00F', 'คมสันต์ สมบูรณ์ชัย', 'งานซ่อม', 'ท่อลมไล่ท่อเดโคจิ B2', '1695021348', '229.00', '0', '0', '0', '0', '229.00', '', 1, 2),
(98, 'EN-6422D', 'คมสันต์ สมบูรณ์ชัย', 'งานซ่อม', 'ท่อลมไล่ท่อเดโคจิ B2(1)', '1695021620', '95.00', '0', '0', '0', '0', '95.00', '', 1, 2),
(99, 'EN-03951', 'ณัฐพล ขันเขียว', 'งานซ่อม', 'ติดตั้งราวกันชนถัง cooling กรอง B4 ', '1695025317', '0.00', '0', '0', '0', '0', '0.00', '', 1, 2),
(100, 'EN-56E49', 'ณัฐพล ขันเขียว', 'งานซ่อม', 'ติดตั้งกันชน ถังcooling', '1695625063', '0.00', '0', '0', '0', '0', '0.00', '', 1, 2),
(101, 'EN-3C823', 'ณัฐพล ขันเขียว', 'งานซ่อม', 'แก้ไขปลั๊กไฟห้องครัว', '1695625518', '0.00', '0', '0', '0', '0', '0.00', '', 1, 2),
(102, 'EN-650D6', 'ณรงค์ศักดิ์ แซ่จาว', 'งานซ่อม', 'เครื่องบีบน้ำมัน', '1695625671', '0.00', '0', '0', '0', '0', '0.00', '', 1, 2),
(103, 'EN-90CDB', 'ยศพนธ์ โพธิ', 'งานซ่อม', 'พันวาล์วถัง1000L', '1695625801', '0.00', '0', '0', '0', '0', '0.00', '', 1, 2),
(104, 'EN-B62D3', 'ณัฐพล ขันเขียว', 'งานซ่อม', 'ติดหลอดไฟส่องสว่าง', '1695626276', '18.00', '0', '0', '0', '0', '18.00', '', 1, 2),
(105, 'EN-38A61', 'ณัฐพล ขันเขียว', 'งานซ่อม', 'เปลี่ยนโคมไฟ B5จากนีออน 36W เป็น UFO 150W', '1695626666', '750.00', '0', '0', '0', '0', '750.00', '', 1, 2),
(106, 'EN-A6D86', 'มานพ ศรีจุมปา', 'งานซ่อม', 'บีบน้ำมันถั่วเหลือง', '1695626903', '0.00', '0', '0', '0', '0', '0.00', '', 1, 2),
(107, 'EN-35DCB', 'มานพ ศรีจุมปา', 'งานซ่อม', 'พันลิตร', '1695627014', '0.00', '0', '0', '0', '0', '0.00', '', 1, 2),
(108, 'EN-68073', 'ณรงค์ศักดิ์ แซ่จาว', 'งานซ่อม', 'ซ่อมรถเข็น B3', '1695627542', '120.00', '0', '0', '0', '0', '120.00', '', 1, 2),
(109, 'EN-EDF28', 'เจษกร คำวรรณ์', 'งานซ่อม', 'ทุ่นบ่อน้ำเสีย', '1695627772', '0.00', '0', '0', '0', '0', '0.00', '', 1, 2),
(110, 'EN-358E7', 'ณรงค์ศักดิ์ แซ่จาว', 'งานซ่อม', 'พันถัง 1000L', '1696318999', '0.00', '0', '0', '0', '0', '0.00', '', 1, 2),
(111, 'EN-51152', 'ยศพนธ์ โพธิ', 'งานซ่อม', 'แก้ไขสตีมฆ่าเชื้อ 1', '1696319094', '0.00', '0', '0', '0', '0', '0.00', '', 1, 2),
(112, 'EN-45352', 'สราวุฒิ โฆษิตเกียรติคุณ', 'งานซ่อม', 'ตรวจถังแรงดัน', '1696319280', '0.00', '0', '0', '0', '0', '0.00', '', 1, 2),
(113, 'EN-2F0D3', 'พงศพัศ สมใหม่', 'งานซ่อม', 'ใช้ในแผนกวิศวกรรม', '1696319344', '195.00', '0', '0', '0', '0', '195.00', '', 1, 2),
(114, 'EN-8DB40', 'ณรงค์ศักดิ์ แซ่จาว', 'งานซ่อม', 'ผลิตน้ำส้ม', '1696319407', '35.00', '0', '0', '0', '0', '35.00', '', 1, 2),
(115, 'EN-D64A2', 'เจษกร คำวรรณ์', 'งานซ่อม', 'เปลี่ยนปั๊มน้ำเกลือ', '1696319761', '525.00', '0', '0', '0', '0', '525.00', '', 1, 2),
(116, 'EN-0ABF0', 'ณรงค์ศักดิ์ แซ่จาว', 'งานซ่อม', 'ถัง 1000 L', '1696320023', '0.00', '0', '0', '0', '0', '0.00', '', 1, 2),
(117, 'EN-118A0', 'พงศพัศ สมใหม่', 'งานซ่อม', 'ถัง 1000 L', '1696320262', '0.00', '0', '0', '0', '0', '0.00', '', 1, 2),
(118, 'EN-8F332', 'ณรงค์ศักดิ์ แซ่จาว', 'งานซ่อม', 'เจียรท่อสตรีม B2', '1696320478', '0.00', '0', '0', '0', '0', '0.00', '', 1, 2),
(119, 'EN-6F399', 'มานพ ศรีจุมปา', 'งานซ่อม', 'เปลี่ยนก๊อกน้ำ', '1696321829', '480.00', '0', '0', '0', '0', '480.00', '', 1, 2),
(120, 'EN-D8908', 'ณัฐพล ขันเขียว', 'งานซ่อม', 'เตรียมเหล็กทำบ่อทิ้งกากใหม่', '1696322219', '2000.00', '0', '0', '0', '0', '2000.00', '', 1, 2),
(121, 'EN-E7CFD', 'ณัฐพล ขันเขียว', 'งานซ่อม', 'หล่อเรซิ่นทุ่นบ่อน้ำเสียบ่อ 4', '1696322584', '1035.00', '0', '0', '0', '0', '1035.00', '', 1, 2),
(122, 'EN-A0532', 'ณัฐพล ขันเขียว', 'งานซ่อม', 'Boiler', '1696322640', '195.00', '0', '0', '0', '0', '195.00', '', 1, 2),
(123, 'EN-9563C', 'มานพ ศรีจุมปา', 'งานซ่อม', 'B5', '1696322756', '320.00', '0', '0', '0', '0', '320.00', '', 1, 2),
(124, 'EN-242E6', 'สุพจน์ ช่างฆ้อง', 'งานซ่อม', 'เดินที่สแกนนิ้ว B4', '1696323678', '0.00', '0', '0', '0', '0', '0.00', '', 1, 2),
(125, 'EN-7213E', 'ยศพนธ์ โพธิ', 'งานซ่อม', 'งานของคลังสินค้า', '1696408166', '720.00', '0', '0', '0', '0', '720.00', '', 1, 2),
(126, 'EN-4B12D', 'ยศพนธ์ โพธิ', 'งานซ่อม', 'พันเกลียวถัง 1000 L', '1697009970', '0.00', '0', '0', '0', '0', '0.00', '', 1, 2),
(127, 'EN-27A45', 'สุพจน์ ช่างฆ้อง', 'งานซ่อม', 'ใช้งานทั่วไป', '1697010637', '45.00', '0', '0', '0', '0', '45.00', '', 1, 2),
(128, 'EN-1AA24', 'มานพ ศรีจุมปา', 'งานซ่อม', 'ใบตัดบาง', '1697010842', '0.00', '0', '0', '0', '0', '0.00', '', 1, 2),
(129, 'EN-82DC5', 'ณรงค์ศักดิ์ แซ่จาว', 'งานซ่อม', 'งานเชื่อมแผนกช่าง', '1697011085', '0.00', '0', '0', '0', '0', '0.00', '', 1, 2),
(130, 'EN-BA9B5', 'คมสันต์ สมบูรณ์ชัย', 'งานซ่อม', 'แฮนด์ลิฟ์B5', '1697011208', '0.00', '0', '0', '0', '0', '0.00', '', 1, 2),
(131, 'EN-FB371', 'พงศพัศ สมใหม่', 'งานซ่อม', 'เปลี่ยนหลอดไฟห้องQC', '1697011301', '0.00', '0', '0', '0', '0', '0.00', '', 1, 2),
(132, 'EN-01FEE', 'สุเทพ ปวงรังษี', 'งานซ่อม', 'เปลี่ยนหลอดไฟดักแมลง B5', '1697011465', '0.00', '0', '0', '0', '0', '0.00', '', 1, 2),
(133, 'EN-E232D', 'สุเทพ ปวงรังษี', 'งานซ่อม', 'ติดตั้งรั้วทิ้งกากบ่อทิ้งกาก', '1697012462', '0.00', '0', '0', '0', '0', '0.00', '', 1, 2),
(134, 'EN-314B6', 'พงศพัศ สมใหม่', 'งานซ่อม', 'เปลี่ยนหลอดไฟ', '1697012658', '0.00', '0', '0', '0', '0', '0.00', '', 1, 2),
(135, 'EN-DDBB1', 'ยศพนธ์ โพธิ', 'งานซ่อม', 'พันเกลียวถัง 1000 ลิตร', '1697511844', '0.00', '0', '0', '0', '0', '0.00', '', 1, 2),
(136, 'EN-1C7F6', 'เจษกร คำวรรณ์', 'งานซ่อม', 'เช็คเครื่องจักร', '1697511933', '195.00', '0', '0', '0', '0', '195.00', '', 1, 2),
(137, 'EN-3C4D3', 'มานพ ศรีจุมปา', 'งานซ่อม', 'ท่อส่งโมโรมิ', '1697512066', '15.00', '0', '0', '0', '0', '15.00', '', 1, 2),
(138, 'EN-90296', 'ภานุวัฒน์ ยางรัมย์', 'งานซ่อม', 'เปลี่ยนสายฉีดล้างขวดในห้องบรรจุใหม่', '1697512319', '160.00', '0', '0', '0', '0', '160.00', '', 1, 2),
(139, 'EN-F21CC', 'เจษกร คำวรรณ์', 'งานซ่อม', 'พ่นสีทั่วไป', '1697389200', '120.00', '0', '0', '0', '0', '120.00', '', 1, 1),
(140, 'EN-98B84', 'ภาณุวัฒน์ ยางรัมย์', 'งานซ่อม', 'ใช้ทั่วไป', '1697475600', '0.00', '0', '0', '0', '0', '0.00', '', 1, 2),
(141, 'EN-D2323', 'ณัฐพล ขันเขียว', 'งานซ่อม', 'ปรับปรุงระบบสตีมโคจิ 1', '1697475600', '540.00', '0', '0', '0', '0', '540.00', '', 1, 2),
(142, 'EN-FB2C1', 'ณัฐพล ขันเขียว', 'งานซ่อม', 'ปรับปรุงสตีมห้องโคจิ 1 B2', '1697475600', '1455.00', '0', '0', '0', '0', '1455.00', '', 1, 2),
(143, 'EN-5165B', 'ยศพนธ์ โพธิ', 'งานซ่อม', 'พ่นสีถังขยะ', '1697648400', '720.00', '0', '0', '0', '0', '720.00', '', 1, 2),
(144, 'EN-B06DE', 'มานพ ศรีจุมปา', 'งานซ่อม', 'ระบบลม B2', '1697562000', '240.00', '0', '0', '0', '0', '240.00', '', 1, 2),
(145, 'EN-23875', 'คมสันต์ สมบูรณ์ชัย', 'งานซ่อม', 'ลูกกลิ้งสานพานฮิปกิ่งแตก', '1697648400', '120.00', '0', '0', '0', '0', '120.00', '', 1, 2),
(146, 'EN-23CF5', 'สุเทพ ปวงรังษี', 'งานซ่อม', 'PM เครื่องจักร B2', '1697734800', '0.00', '0', '0', '0', '0', '0.00', '', 1, 2),
(147, 'EN-9124E', 'ภาณุวัฒน์ ยางรัมย์', 'งานซ่อม', 'เปลี่ยนตลับลูกปืนมอเตอร์', '1697734800', '0.00', '0', '0', '0', '0', '0.00', '', 1, 2),
(148, 'EN-2F141', 'ณรงค์ศักดิ์ แซ่จาว', 'งานซ่อม', 'PM เครื่องจักร B2 KOJI 2', '1700413200', '0.00', '0', '0', '0', '0', '0.00', '', 1, 2),
(149, 'EN-2D7B2', 'ณัฐพล ขันเขียว', 'งานซ่อม', 'ซ่อมบำรุงทั่วไป ออฟฟิตช่าง', '1698080400', '0.00', '0', '0', '0', '0', '0.00', '', 1, 2),
(150, 'EN-62A2D', 'พงศภัค สมใหม่', 'งานซ่อม', 'เปลี่ยนท่อ B3', '1698166800', '0.00', '0', '0', '0', '0', '0.00', '', 1, 2),
(151, 'EN-01CF7', 'สุเทพ ปวงรังษี', 'งานซ่อม', 'ทาสีทางเดินหนีไฟ', '1698166800', '50.00', '0', '0', '0', '0', '50.00', '', 1, 2),
(152, 'EN-99223', 'ภานุวัฒน์ ยางรัมย์', 'งานซ่อม', 'ใช้รัดท่อน้ำเครื่องดับเพลิง', '1698166800', '0.00', '0', '0', '0', '0', '0.00', '', 1, 2),
(153, 'EN-4308F', 'ณัฐพล ขันเขียว', 'งานซ่อม', 'เปลี่ยนลูกกลิ้งกาวเครื่องติดฉลาก', '1698598800', '0.00', '0', '0', '0', '0', '0.00', '', 1, 2),
(154, 'EN-7E800', 'สุเทพ ปวงรังษี', 'งานซ่อม', 'ซ่อมแอร์เรเตอร์', '1698426000', '195.00', '0', '0', '0', '0', '195.00', '', 1, 2),
(155, 'EN-E1744', 'พงศพัค สมใหม่', 'งานซ่อม', 'ซ่อมลูกกลิ้งสายพาน B2', '1698771600', '0.00', '0', '0', '0', '0', '0.00', '', 1, 2),
(156, 'EN-36A8A', 'มานพ ศรีจุมปา', 'งานซ่อม', 'ตีเส้นถนน', '1698858000', '915.00', '0', '0', '0', '0', '915.00', '', 1, 2),
(157, 'EN-051FC', 'เจษกร คำวรรณ์', 'งานซ่อม', 'เจียโรงน้ำ', '1698771600', '0.00', '0', '0', '0', '0', '0.00', '', 1, 2),
(158, 'EN-A92A7', 'คมสันต์ สมบูรณ์ชัย', 'งานซ่อม', 'ซ่อมเครื่องดูดฟองบรรจุ 10 L', '1698339600', '0.00', '0', '0', '0', '0', '0.00', '', 1, 2),
(159, 'EN-CD2C1', 'คมสันต์ สมบูรณ์ชัย', 'งานซ่อม', 'สายพานเครื่องรีดกาก B4', '1698339600', '0.00', '0', '0', '0', '0', '0.00', '', 1, 2),
(160, 'EN-228B9', 'พงศภัค สมใหม่', 'งานซ่อม', 'พ่นสีอ่างล้างมือ', '1698339600', '120.00', '0', '0', '0', '0', '120.00', '', 1, 2),
(161, 'EN-52C92', 'ภานุวัฒน์ ยางรัมย์', 'งานซ่อม', 'ซ่อมแซมบ่อน้ำเสีย บ่อ 3', '1698426000', '0.00', '0', '0', '0', '0', '0.00', '', 1, 2),
(162, 'EN-FECCF', 'ณัฐพล ขันเขียว', 'งานซ่อม', 'ประกอบซิงค์น้ำอ่างล้างมือบ่อขยะ', '1698512400', '840.00', '0', '0', '0', '0', '840.00', '', 1, 2),
(163, 'EN-CBA9C', 'พงศภัค สมใหม่', 'งานซ่อม', 'PM', '1698944400', '0.00', '0', '0', '0', '0', '0.00', '', 1, 2),
(164, 'EN-1AE27', 'เจษกร คำวรรณ์', 'งานซ่อม', 'เช็คเครื่องจักร', '1698944400', '0.00', '0', '0', '0', '0', '0.00', '', 1, 2),
(165, 'EN-C30E5', 'พงศภัค สมใหม่', 'งานซ่อม', 'เปลี่ยนลูกปืนสายพาน', '1698944400', '0.00', '0', '0', '0', '0', '0.00', '', 1, 2),
(166, 'EN-D0C4C', 'ณรงค์ศักดิ์ แซ่จาว', 'งานซ่อม', 'เปลี่ยนอุปกรณ์สอบเทียบ', '1698944400', '0.00', '0', '0', '0', '0', '0.00', '', 1, 2),
(167, 'EN-A46C9', 'พงศภัค สมใหม่', 'งานซ่อม', 'เปลี่ยนหลอดไฟห้องบุคคล', '1699030800', '0.00', '0', '0', '0', '0', '0.00', '', 1, 2),
(168, 'EN-31B13', 'สราวุฒิ โฆษิตเกียรติคุณ', 'งานซ่อม', 'ซ่อมเครื่องบรรจุ 12 หัว', '1699030800', '0.00', '0', '0', '0', '0', '0.00', '', 1, 2),
(169, 'EN-1326F', 'พงศภัค สมใหม่', 'งานซ่อม', 'เครื่องบรรจุ', '1699030800', '0.00', '0', '0', '0', '0', '0.00', '', 1, 2),
(170, 'EN-03634', 'คมสันต์ สมบูรณ์ชัย', 'งานซ่อม', 'ล้อแฮนด์ลิฟต์ B1', '1699030800', '0.00', '0', '0', '0', '0', '0.00', '', 1, 2),
(171, 'EN-7C014', 'ณรงค์ศักดิ์ แซ่จาว', 'งานซ่อม', 'PM ประจำเดือน พฤศจิกายน', '1699030800', '195.00', '0', '0', '0', '0', '195.00', '', 1, 2),
(172, 'EN-87F46', 'ณัฐพล ขันเขียว', 'งานซ่อม', 'หม้อผสม ซีอิ้ว 2000 L', '1699290000', '195.00', '0', '0', '0', '0', '195.00', '', 1, 2),
(173, 'EN-75F71', 'เจษกร คำวรรณ์', 'งานซ่อม', 'B5', '1699290000', '65.00', '0', '0', '0', '0', '65.00', '', 1, 2),
(174, 'EN-00786', 'ณัฐพล ขันเขียว', 'งานซ่อม', 'แก้ไขท่อน้ำรั่วบนเพดาน บรรจุ', '1699290000', '200.00', '0', '0', '0', '0', '200.00', '', 1, 2),
(175, 'EN-9D6B3', 'ณัฐพล ขันเขียว', 'งานซ่อม', 'เปลี่ยนลูกปืน มอเตอร์สายพานหวีสับ', '1699290000', '0.00', '0', '0', '0', '0', '0.00', '', 1, 2),
(176, 'EN-DD33B', 'เจษกร คำวรรณ์', 'งานซ่อม', 'แอร์เลเตอร์บ่อน้ำเสีย', '1699203600', '0.00', '0', '0', '0', '0', '0.00', '', 1, 2),
(177, 'EN-A4773', 'พงศภัค สมใหม่', 'งานซ่อม', 'ห้องบรรจุ ไลน์ 1 ', '1699376400', '0.00', '0', '0', '0', '0', '0.00', '', 1, 2),
(178, 'EN-A7984', 'นภัสภรณ์ เลิศชมพู', 'งานซ่อม', 'พันเกลียวถัง 1000 L', '1699376400', '0.00', '0', '0', '0', '0', '0.00', '', 1, 2),
(179, 'EN-BA3AA', 'สราวุฒิ โฆษิตเกียรติคุณ', 'งานซ่อม', 'เครื่องบีบน้ำมันเครื่องที่1', '1699376400', '0.00', '0', '0', '0', '0', '0.00', '', 1, 2),
(180, 'EN-27256', 'พงศภัค สมใหม่', 'งานซ่อม', 'PM', '1699376400', '0.00', '0', '0', '0', '0', '0.00', '', 1, 2),
(181, 'EN-B5DB7', 'ณรงค์ศักดิ์ แซ่จาว', 'งานซ่อม', 'เปลี่ยนสายลมขับฐานคั้น', '1699376400', '9000.00', '0', '0', '0', '0', '9000.00', '', 1, 2),
(182, 'EN-D3FFE', 'มานพ ศรีจุมปา', 'งานซ่อม', 'ท่อส่งโมโรมิ 100 Q', '1699462800', '0.00', '0', '0', '0', '0', '0.00', '', 1, 2),
(183, 'EN-7CFC0', 'เจษกร คำวรรณ์', 'งานซ่อม', 'เปลี่ยน สามทางถัง โมโรมิ30ตัน', '1699462800', '15.00', '0', '0', '0', '0', '15.00', '', 1, 2),
(184, 'EN-4AB6B', 'มานพ ศรีจุมปา', 'งานซ่อม', 'ซ่อมระบบน้ำซอฟต์', '1699549200', '160.00', '0', '0', '0', '0', '160.00', '', 1, 2),
(185, 'EN-85C0B', 'สราวุฒิ โฆษิตเกียรติคุณ', 'งานซ่อม', 'เปลี่ยนสามทางคอสั้น ถังP เพิ่มวาล์ว', '1699808400', '675.00', '0', '0', '0', '0', '675.00', '', 1, 2),
(186, 'EN-33FA9', 'ณัฐพล ขันเขียว', 'งานซ่อม', 'ซ่อมสกรูบีบน้ำมัน B2', '1699808400', '0.00', '0', '0', '0', '0', '0.00', '', 1, 2),
(187, 'EN-6C16E', 'ณรงค์ศักดิ์ แซ่จาว', 'งานซ่อม', 'ซ่อมสกรูบีบน้ำมัน B2', '1699808400', '0.00', '0', '0', '0', '0', '0.00', '', 1, 2),
(188, 'EN-323C2', 'สุพจน์ ช่างฆ้อง', 'งานซ่อม', 'ติดตั้งหลังคากันสาด สัญญานดับเพลิง', '1699894800', '0.00', '0', '0', '0', '0', '0.00', '', 1, 2),
(189, 'EN-653CD', 'สราวุฒิ โฆษิตเกียรติคุณ', 'งานซ่อม', 'ซ่อมเครื่องอิงค์หมึกขาว', '1699981200', '15.00', '0', '0', '0', '0', '15.00', '', 1, 2),
(190, 'EN-437CE', 'คมสันต์ สมบูรณ์ชัย', 'งานซ่อม', 'เปลี่ยนลูกปืนแฮนด์ลิฟท์', '1699981200', '0.00', '0', '0', '0', '0', '0.00', '', 1, 2),
(191, 'EN-EDD70', 'คมสันต์ สมบูรณ์ชัย', 'งานซ่อม', 'ทำสีแฮนด์ลิฟท์จุดล้างถัง 1000 ลิตร', '1699981200', '360.00', '0', '0', '0', '0', '360.00', '', 1, 2),
(192, 'EN-E40AE', 'สุเทพ ปวงรังษี', 'งานซ่อม', 'เปลี่ยนสวิทช์ไฟไหส่วนคั้น', '1700067600', '0.00', '0', '0', '0', '0', '0.00', '', 1, 2),
(193, 'EN-C4772', 'นภัสภรณ์ เลิศชมภู', 'งานซ่อม', 'พันเกลียวถัง 1000 ลิตร', '1700154000', '0.00', '0', '0', '0', '0', '0.00', '', 1, 2),
(194, 'EN-32F92', 'ณรงค์ศักดิ์ แซ่จาว', 'งานซ่อม', 'เปลี่ยนล้อรถเข็นสอบเทียบ', '1700240400', '0.00', '0', '0', '0', '0', '0.00', '', 1, 2),
(195, 'EN-D31B6', 'ภานุวัฒน์ ยางรัมย์', 'งานซ่อม', 'เปลี่ยนสายฉีดชำระห้องน้ำชาย ตึก วิศวกรรม', '1700499600', '160.00', '0', '0', '0', '0', '160.00', '', 1, 2),
(196, 'EN-90BE0', 'ขุนแผน เสียงใหญ่', 'งานซ่อม', 'พันเกลียว ถัง 1000 ลิตร', '1700499600', '0.00', '0', '0', '0', '0', '0.00', '', 1, 2),
(197, 'EN-C5689', 'ณรงค์ศักดิ์ แซ่จาว', 'งานซ่อม', 'ทาสีโต๊ะแผนก', '1700586000', '1020.00', '0', '0', '0', '0', '1020.00', '', 1, 2),
(198, 'EN-D66D1', 'ณัฐพล ขันเขียว', 'งานซ่อม', 'ท่อซีอิ๊วเครื่องฆ่าเชื้อ 1 รั่ว', '1700586000', '1800.00', '0', '0', '0', '0', '1800.00', '', 1, 2),
(199, 'EN-4CD71', 'ณัฐพล ขันเขียว', 'งานซ่อม', 'ปิดปากบ่อทิ้งกากชั่วคราว', '1700672400', '0.00', '0', '0', '0', '0', '0.00', '', 1, 2),
(200, 'EN-7714C', 'สุเทพ ปวงรังษี', 'งานซ่อม', 'ปิดฝาบ่อทิ้งกากน้ำเสีย', '1700672400', '0.00', '0', '0', '0', '0', '0.00', '', 1, 2),
(201, 'EN-2657F', 'ณรงค์ศักดิ์ แซ่จาว', 'งานซ่อม', 'เครื่องบีบน้ำมัน B2', '1700672400', '0.00', '0', '0', '0', '0', '0.00', '', 1, 2),
(202, 'EN-A5CC5', 'อรถพล', 'งานซ่อม', 'ซ่อมตราปั๊มยาง', '1700758800', '25.00', '0', '0', '0', '0', '25.00', '', 1, 2),
(203, 'EN-0ABCC', 'ภาณุวัฒน์ ยางรัมย์', 'งานซ่อม', 'เปลี่ยนหลอดไฟห้อง IT', '1700758800', '0.00', '0', '0', '0', '0', '0.00', '', 1, 2),
(204, 'EN-94473', 'ภานุวัฒน์ ยางรัมย์', 'งานซ่อม', 'ซ่อมสายชำรุดห้องน้ำหญิง', '1700672400', '55.00', '0', '0', '0', '0', '55.00', '', 1, 2),
(205, 'EN-66BD2', 'ภานุวัฒน์ ยางรัมย์', 'งานซ่อม', 'ใช้งานในแผนกวิศวกรรม', '1700758800', '360.00', '0', '0', '0', '0', '360.00', '', 1, 2),
(206, 'EN-30D46', 'สุเทพ ปวงรังษี', 'งานซ่อม', 'เปลี่ยนชุดTimerปิดเปิดบ่อน้ำเสียบ่อ 4', '1700758800', '250.00', '0', '0', '0', '0', '250.00', '', 1, 2),
(207, 'EN-69288', 'ณรงค์ศักดิ์ แซ่จาว', 'งานซ่อม', 'ตู้คอนโทรลเครื่องบีบน้ำมัน B2', '1700758800', '25.00', '0', '0', '0', '0', '25.00', '', 1, 2),
(208, 'EN-805BB', 'ภาณุวัฒน์ ยางรัมย์', 'งานซ่อม', 'ใช้อุดรอยรั่วห้องฆ่าเชื้อ B4', '1700845200', '0.00', '0', '0', '0', '0', '0.00', '', 1, 2),
(209, 'EN-753B6', 'ภานุวัตน์ ยางรัมย์', 'งานซ่อม', 'ซ่อมมอเตอร์น้ำเกลือเดโคจิ B2', '1701018000', '90.00', '0', '0', '0', '0', '90.00', '', 1, 2),
(210, 'EN-DD830', 'ณัฐพล ขันเขียว', 'งานซ่อม', 'ย้ายมิเตอร์น้ำบาดาลบ่อเก่า', '1701104400', '0.00', '0', '0', '0', '0', '0.00', '', 1, 2),
(211, 'EN-4BC3D', 'คมสันต์ สมบูรณ์ชัย', 'งานซ่อม', 'ย้ายมิเตอร์', '1701104400', '15.00', '0', '0', '0', '0', '15.00', '', 1, 2),
(212, 'EN-BB0C6', 'สุเทพ ปวงรังษี', 'งานซ่อม', 'ย้ายตู้ปั๊มบาดาลเก่า', '1701104400', '0.00', '0', '0', '0', '0', '0.00', '', 1, 2),
(213, 'EN-F9F46', 'นิศารัตน์', 'งานซ่อม', 'บรรจุ', '1701104400', '480.00', '0', '0', '0', '0', '480.00', '', 1, 2),
(214, 'EN-CE923', 'สุเทพ ปวงรังษี', 'งานซ่อม', 'ย้ายตู้ไฟฟ้าปั๊มบาดาลเก่า', '1701104400', '120.00', '0', '0', '0', '0', '120.00', '', 1, 2),
(215, 'EN-B30A6', 'พงศภัค สมใหม่', 'งานซ่อม', 'ต่อท่อใหม่บ่อบาดาล', '1701104400', '160.00', '0', '0', '0', '0', '160.00', '', 1, 2),
(216, 'EN-F475D', 'คมสันต์ สมบูรณ์ชัย', 'งานซ่อม', 'ทั่วไป', '1701190800', '0.00', '0', '0', '0', '0', '0.00', '', 1, 2),
(217, 'EN-D5671', 'พงศภัค สมใหม่', 'งานซ่อม', 'PM เครื่องจักร', '1701190800', '0.00', '0', '0', '0', '0', '0.00', '', 1, 2),
(218, 'EN-E1F5D', 'ภาณุวัฒน์ ยางรัมย์', 'งานซ่อม', 'เปลี่ยนล้อรถเข็นของ B4 บรรจุ', '1701277200', '195.00', '0', '0', '0', '0', '195.00', '', 1, 2),
(219, 'EN-BBF7F', 'มานพ ศรีจุมปา', 'งานซ่อม', 'มิโซ๊ะ B5', '1701277200', '230.00', '0', '0', '0', '0', '230.00', '', 1, 2),
(220, 'EN-923FF', 'ณัฐพล ขันเขียว', 'งานซ่อม', 'เปลี่ยนถุงลมฐานคั้น H-38', '1701363600', '0.00', '0', '0', '0', '0', '0.00', '', 1, 2),
(221, 'EN-89A4E', 'กัมพล', 'งานซ่อม', 'ใช้งานเครื่องบีบน้ำมัน B2', '1701363600', '0.00', '0', '0', '0', '0', '0.00', '', 1, 2),
(222, 'EN-37AB3', 'ภาณุวัฒน์ ยางรัมย์', 'งานซ่อม', 'Boiler ', '1701450000', '70.00', '0', '0', '0', '0', '70.00', '', 1, 2),
(223, 'EN-898D7', 'ณรงค์ศักดิ์ แซ่จาว', 'งานซ่อม', 'PM ประจำเดือน ธันวาคม', '1701795600', '195.00', '0', '0', '0', '0', '195.00', '', 2, 2),
(224, 'EN-BC993', 'ณรงค์ศักดิ์ แซ่จาว', 'งานซ่อม', 'PM ประจำเดือน ธันวาคม', '1701795600', '195.00', '0', '0', '0', '0', '195.00', '', 1, 2);

-- --------------------------------------------------------

--
-- Table structure for table `orders_item`
--

CREATE TABLE `orders_item` (
  `id` int(11) NOT NULL,
  `order_id` int(11) NOT NULL,
  `product_id` int(11) NOT NULL,
  `qty` varchar(255) NOT NULL,
  `rate` varchar(255) NOT NULL,
  `amount` varchar(255) NOT NULL
) ENGINE=InnoDB DEFAULT CHARSET=utf8;

--
-- Dumping data for table `orders_item`
--

INSERT INTO `orders_item` (`id`, `order_id`, `product_id`, `qty`, `rate`, `amount`) VALUES
(94, 1, 18, '1', '195', '195.00'),
(95, 1, 28, '1', '150', '150.00'),
(97, 2, 15, '1', '65', '65.00'),
(101, 4, 53, '1', '120', '120.00'),
(102, 3, 54, '1', '120', '120.00'),
(109, 5, 127, '1', '50', '50.00'),
(110, 5, 128, '1', '75', '75.00'),
(111, 5, 110, '1', '50', '50.00'),
(112, 5, 109, '1', '30', '30.00'),
(113, 5, 2, '10', '80', '800.00'),
(114, 5, 7, '2', '300', '600.00'),
(119, 6, 51, '2', '120', '240.00'),
(121, 7, 4, '1', '95', '95.00'),
(122, 7, 15, '1', '65', '65.00'),
(126, 8, 34, '1', '10', '10.00'),
(129, 9, 49, '1', '120', '120.00'),
(130, 10, 82, '1', '1150', '1150.00'),
(135, 11, 19, '2', '100', '200.00'),
(136, 11, 298, '5', '0', '0.00'),
(137, 11, 288, '14', '0', '0.00'),
(138, 11, 310, '12', '0', '0.00'),
(139, 11, 294, '1', '0', '0.00'),
(157, 14, 294, '1', '0', '0.00'),
(158, 13, 5, '1', '35', '35.00'),
(159, 13, 18, '2', '300', '300.00'),
(160, 13, 34, '1', '10', '10.00'),
(161, 13, 13, '1', '38', '38.00'),
(162, 13, 211, '1', '0', '0.00'),
(169, 12, 20, '3', '9900', '29700.00'),
(170, 12, 4, '21', '95', '1995.00'),
(171, 12, 128, '3', '75', '225.00'),
(172, 12, 27, '2', '120', '240.00'),
(173, 12, 133, '3', '100', '300.00'),
(174, 12, 21, '1', '20', '20.00'),
(178, 15, 257, '2', '0', '0.00'),
(179, 15, 203, '2', '0', '0.00'),
(180, 15, 331, '2', '0', '0.00'),
(182, 16, 198, '1', '0', '0.00'),
(184, 17, 46, '1', '195', '195.00'),
(188, 18, 339, '5', '0', '0.00'),
(189, 18, 198, '3', '0', '0.00'),
(190, 18, 189, '2', '0', '0.00'),
(192, 19, 47, '1', '200', '200.00'),
(194, 20, 46, '1', '195', '195.00'),
(198, 21, 36, '1', '30', '30.00'),
(199, 21, 15, '1', '65', '65.00'),
(200, 21, 475, '2', '0', '0.00'),
(210, 22, 432, '2', '70', '140.00'),
(211, 22, 203, '2', '0', '0.00'),
(212, 22, 199, '2', '0', '0.00'),
(213, 22, 177, '1', '0', '0.00'),
(214, 22, 259, '1', '0', '0.00'),
(215, 22, 252, '1', '0', '0.00'),
(216, 22, 218, '1', '0', '0.00'),
(217, 22, 384, '1', '235', '235.00'),
(218, 22, 418, '1', '0', '0.00'),
(220, 23, 46, '1', '195', '195.00'),
(231, 24, 3, '1', '150', '150.00'),
(232, 24, 115, '1', '200', '200.00'),
(233, 24, 44, '1', '90', '90.00'),
(234, 24, 28, '1', '150', '150.00'),
(235, 24, 257, '1', '0', '0.00'),
(236, 24, 203, '1', '0', '0.00'),
(237, 24, 411, '1', '0', '0.00'),
(238, 24, 279, '2', '0', '0.00'),
(239, 24, 181, '2', '0', '0.00'),
(240, 24, 194, '1', '0', '0.00'),
(243, 25, 386, '1', '130', '130.00'),
(244, 25, 23, '1', '29', '29.00'),
(247, 26, 420, '1', '25', '25.00'),
(253, 27, 254, '2', '0', '0.00'),
(254, 27, 277, '1', '0', '0.00'),
(255, 27, 200, '1', '0', '0.00'),
(256, 27, 203, '1', '0', '0.00'),
(257, 27, 257, '1', '0', '0.00'),
(259, 28, 46, '1', '195', '195.00'),
(261, 29, 47, '1', '200', '200.00'),
(265, 30, 30, '1', '450', '450.00'),
(266, 30, 398, '1', '0', '0.00'),
(267, 30, 5, '1', '175', '175.00'),
(269, 31, 422, '1', '55', '55.00'),
(272, 32, 210, '2', '0', '0.00'),
(273, 32, 262, '1', '0', '0.00'),
(281, 33, 491, '4', '0', '0.00'),
(282, 33, 497, '7', '0', '0.00'),
(283, 33, 490, '2', '0', '0.00'),
(286, 34, 409, '3', '0', '0.00'),
(287, 34, 393, '4', 'O', 'NaN'),
(289, 35, 46, '1', '195', '195.00'),
(291, 36, 475, '1', '0', '0.00'),
(293, 37, 46, '1', '195', '195.00'),
(295, 38, 46, '1', '195', '195.00'),
(297, 39, 47, '1', '200', '200.00'),
(307, 40, 334, '1', '0', '0.00'),
(308, 40, 290, '1', '0', '0.00'),
(309, 40, 313, '1', '0', '0.00'),
(316, 41, 392, '1', '0', '0.00'),
(317, 41, 34, '2', '10', '20.00'),
(318, 41, 119, '1', '20', '20.00'),
(319, 41, 120, '1', '30', '30.00'),
(320, 41, 13, '3', '38', '114.00'),
(321, 41, 11, '1', '25', '25.00'),
(323, 42, 426, '1', '150', '150.00'),
(325, 43, 46, '1', '195', '195.00'),
(327, 44, 417, '1', '0', '0.00'),
(329, 45, 562, '1', '0', '0.00'),
(331, 46, 419, '1', '0', '0.00'),
(333, 47, 580, '2', '0', '0.00'),
(335, 48, 39, '1', '15', '15.00'),
(340, 49, 198, '1', '0', '0.00'),
(341, 49, 191, '1', '0', '0.00'),
(342, 49, 260, '1', '0', '0.00'),
(343, 49, 252, '1', '0', '0.00'),
(345, 50, 118, '1', '10', '10.00'),
(350, 51, 315, '10', '0', '0.00'),
(351, 51, 299, '3', '0', '0.00'),
(352, 51, 420, '1', '25', '25.00'),
(353, 51, 287, '9', '0', '0.00'),
(354, 52, 5, '6', '175', '1050.00'),
(356, 53, 484, '2', '0', '0.00'),
(358, 54, 576, '3', '0', '0.00'),
(362, 55, 132, '1', '50', '50.00'),
(363, 55, 2, '3', '80', '240.00'),
(364, 55, 442, '3', '120', '360.00'),
(369, 56, 363, '4', '0', '0.00'),
(370, 56, 366, '2', '0', '0.00'),
(371, 56, 576, '1', '0', '0.00'),
(372, 56, 372, '1', '0', '0.00'),
(374, 57, 576, '1', '0', '0.00'),
(376, 58, 442, '10', '120', '1200.00'),
(380, 59, 315, '12', '0', '0.00'),
(381, 59, 299, '6', '0', '0.00'),
(382, 59, 287, '10', '0', '0.00'),
(385, 60, 580, '2', '0', '0.00'),
(386, 60, 418, '1', '0', '0.00'),
(391, 61, 254, '2', '0', '0.00'),
(392, 61, 397, '1', '0', '0.00'),
(393, 61, 15, '1', '65', '65.00'),
(394, 61, 576, '1', '0', '0.00'),
(398, 62, 33, '1', '98', '98.00'),
(399, 62, 442, '4', '120', '480.00'),
(400, 62, 571, '3', '0', '0.00'),
(403, 63, 31, '1', '65', '65.00'),
(404, 63, 7, '1', '300', '300.00'),
(406, 64, 577, '2', '0', '0.00'),
(408, 65, 411, '1', '0', '0.00'),
(413, 66, 203, '1', '0', '0.00'),
(414, 66, 207, '1', '0', '0.00'),
(416, 67, 576, '5', '0', '0.00'),
(418, 68, 46, '1', '195', '195.00'),
(421, 69, 512, '4', '0', '0.00'),
(423, 70, 411, '1', '0', '0.00'),
(425, 71, 433, '1', '55', '55.00'),
(427, 72, 82, '11', '1150', '12650.00'),
(430, 73, 55, '1', '120', '120.00'),
(431, 73, 54, '1', '120', '120.00'),
(433, 74, 46, '1', '195', '195.00'),
(438, 75, 334, '5', '0', '0.00'),
(439, 75, 290, '3', '0', '0.00'),
(440, 75, 313, '4', '0', '0.00'),
(441, 75, 300, '12', '6', '72.00'),
(443, 76, 385, '1', '160', '160.00'),
(446, 77, 576, '4', '0', '0.00'),
(449, 78, 576, '3', '0', '0.00'),
(450, 78, 120, '2', '30', '60.00'),
(452, 79, 46, '1', '195', '195.00'),
(454, 80, 576, '2', '0', '0.00'),
(456, 81, 576, '1', '0', '0.00'),
(458, 82, 572, '4', '0', '0.00'),
(460, 83, 653, '1', '0', '0.00'),
(463, 84, 419, '1', '0', '0.00'),
(464, 84, 580, '1', '0', '0.00'),
(468, 85, 576, '1', '0', '0.00'),
(470, 86, 577, '1', '0', '0.00'),
(475, 87, 8, '5', '370', '1850.00'),
(476, 87, 128, '2', '75', '150.00'),
(477, 87, 113, '1', '120', '120.00'),
(478, 87, 482, '1', '0', '0.00'),
(480, 88, 46, '1', '195', '195.00'),
(483, 89, 253, '1', '0', '0.00'),
(484, 89, 210, '1', '0', '0.00'),
(486, 90, 568, '3', '0', '0.00'),
(488, 91, 569, '2', '0', '0.00'),
(490, 92, 580, '2', '0', '0.00'),
(492, 93, 568, '2', '0', '0.00'),
(495, 94, 576, '1', '0', '0.00'),
(496, 94, 580, '1', '0', '0.00'),
(498, 95, 580, '2', '0', '0.00'),
(500, 96, 661, '2', '35', '70.00'),
(508, 97, 477, '1', '0', '0.00'),
(509, 97, 472, '2', '0', '0.00'),
(510, 97, 13, '3', '38', '114.00'),
(511, 97, 95, '2', '30', '60.00'),
(512, 97, 34, '1', '10', '10.00'),
(513, 97, 39, '1', '15', '15.00'),
(514, 97, 101, '1', '30', '30.00'),
(521, 98, 119, '1', '20', '20.00'),
(522, 98, 11, '1', '25', '25.00'),
(523, 98, 391, '1', '0', '0.00'),
(524, 98, 478, '1', '0', '0.00'),
(525, 98, 122, '1', '50', '50.00'),
(526, 98, 576, '2', '0', '0.00'),
(533, 99, 580, '3', '0', '0.00'),
(534, 99, 651, '1', '0', '0.00'),
(536, 100, 483, '2', '0', '0.00'),
(541, 101, 290, '4', '0', '0.00'),
(542, 101, 313, '8', '0', '0.00'),
(544, 102, 668, '1', '0', '0.00'),
(546, 103, 576, '2', '0', '0.00'),
(550, 104, 300, '3', '6', '18.00'),
(551, 104, 334, '2', '0', '0.00'),
(552, 104, 290, '1', '0', '0.00'),
(556, 105, 663, '1', '65', '65.00'),
(557, 105, 661, '1', '35', '35.00'),
(558, 105, 63, '1', '650', '650.00'),
(560, 106, 576, '2', '0', '0.00'),
(562, 107, 576, '1', '0', '0.00'),
(565, 108, 678, '2', '0', '0.00'),
(566, 108, 49, '1', '120', '120.00'),
(568, 109, 580, '2', '0', '0.00'),
(570, 110, 576, '1', '0', '0.00'),
(573, 111, 408, '1', '0', '0.00'),
(574, 111, 576, '2', '0', '0.00'),
(576, 112, 668, '1', '0', '0.00'),
(578, 113, 46, '1', '195', '195.00'),
(580, 114, 661, '1', '35', '35.00'),
(586, 115, 257, '1', '0', '0.00'),
(587, 115, 185, '1', '0', '0.00'),
(588, 115, 31, '2', '65', '130.00'),
(589, 115, 112, '2', '100', '200.00'),
(590, 115, 18, '1', '195', '195.00'),
(592, 116, 576, '2', '0', '0.00'),
(594, 117, 576, '2', '0', '0.00'),
(597, 118, 577, '1', '0', '0.00'),
(600, 119, 385, '3', '160', '480.00'),
(604, 120, 73, '1', '950', '950.00'),
(605, 120, 88, '1', '950', '950.00'),
(606, 120, 662, '2', '50', '100.00'),
(610, 121, 662, '9', '50', '450.00'),
(611, 121, 663, '9', '65', '585.00'),
(612, 121, 580, '4', '0', '0.00'),
(614, 122, 46, '1', '195', '195.00'),
(616, 123, 385, '2', '160', '320.00'),
(618, 124, 314, '2', '0', '0.00'),
(621, 125, 51, '6', '120', '720.00'),
(622, 125, 576, '20', '0', '0.00'),
(624, 126, 576, '2', '0', '0.00'),
(626, 127, 412, '1', '45', '45.00'),
(628, 128, 580, '5', '0', '0.00'),
(630, 129, 583, '1', '0', '0.00'),
(632, 130, 620, '8', '0', '0.00'),
(634, 131, 562, '3', '0', '0.00'),
(636, 132, 564, '20', '0', '0.00'),
(638, 133, 580, '5', '0', '0.00'),
(640, 134, 562, '7', '0', '0.00'),
(642, 135, 576, '1', '0', '0.00'),
(645, 136, 668, '1', '0', '0.00'),
(646, 136, 46, '1', '195', '195.00'),
(653, 137, 672, '1', '0', '0.00'),
(654, 137, 660, '1', '15', '15.00'),
(655, 137, 187, '2', '0', '0.00'),
(657, 138, 434, '1', '160', '160.00'),
(660, 139, 55, '1', '120', '120.00'),
(683, 143, 54, '1', '120', '120.00'),
(684, 143, 51, '1', '120', '120.00'),
(685, 143, 48, '2', '120', '240.00'),
(686, 143, 53, '2', '120', '240.00'),
(721, 168, 609, '2', '0', '0.00'),
(722, 167, 562, '1', '0', '0.00'),
(724, 169, 668, '1', '0', '0.00'),
(725, 166, 576, '1', '0', '0.00'),
(726, 165, 605, '1', '0', '0.00'),
(727, 164, 668, '1', '0', '0.00'),
(728, 163, 668, '1', '0', '0.00'),
(729, 162, 432, '1', '70', '70.00'),
(730, 162, 384, '1', '', ''),
(731, 162, 435, '2', '350', '700.00'),
(732, 161, 580, '10', '0', '0.00'),
(733, 160, 49, '1', '120', '120.00'),
(734, 159, 512, '1', '0', '0.00'),
(735, 158, 621, '1', '0', '0.00'),
(736, 158, 620, '1', '0', '0.00'),
(737, 157, 579, '1', '0', '0.00'),
(738, 156, 64, '1', '750', '750.00'),
(739, 156, 662, '3', '50', '150.00'),
(740, 156, 660, '1', '15', '15.00'),
(741, 155, 621, '2', '0', '0.00'),
(742, 154, 46, '1', '195', '195.00'),
(743, 153, 613, '1', '0', '0.00'),
(744, 152, 572, '1', '0', '0.00'),
(745, 151, 661, '1', '35', '35.00'),
(746, 151, 660, '1', '15', '15.00'),
(747, 150, 580, '5', '0', '0.00'),
(748, 149, 666, '4', '0', '0.00'),
(749, 148, 668, '1', '0', '0.00'),
(750, 147, 632, '1', '0', '0.00'),
(751, 147, 623, '1', '0', '0.00'),
(752, 146, 668, '1', '0', '0.00'),
(753, 145, 621, '2', '0', '0.00'),
(754, 145, 618, '1', '0', '0.00'),
(755, 145, 620, '1', '0', '0.00'),
(756, 145, 51, '1', '120', '120.00'),
(757, 144, 472, '2', '0', '0.00'),
(758, 144, 103, '2', '70', '140.00'),
(759, 144, 122, '2', '50', '100.00'),
(760, 144, 475, '3', '0', '0.00'),
(761, 144, 213, '1', '0', '0.00'),
(762, 142, 465, '2', '0', '0.00'),
(763, 142, 36, '5', '30', '150.00'),
(764, 142, 103, '5', '70', '350.00'),
(765, 142, 368, '6', '0', '0.00'),
(766, 142, 104, '4', '70', '280.00'),
(767, 142, 41, '15', '45', '675.00'),
(768, 142, 475, '7', '0', '0.00'),
(769, 142, 474, '10', '0', '0.00'),
(770, 141, 397, '2', '0', '0.00'),
(771, 141, 15, '6', '65', '390.00'),
(772, 141, 426, '1', '150', '150.00'),
(773, 140, 411, '1', '0', '0.00'),
(774, 140, 576, '3', '0', '0.00'),
(775, 140, 580, '13', '0', '0.00'),
(777, 170, 620, '8', '0', '0.00'),
(780, 171, 46, '1', '195', '195.00'),
(781, 171, 536, '2', '0', '0.00'),
(784, 172, 604, '1', '0', '0.00'),
(785, 172, 46, '1', '195', '195.00'),
(788, 173, 203, '1', '0', '0.00'),
(789, 173, 663, '1', '65', '65.00'),
(792, 174, 125, '1', '200', '200.00'),
(793, 174, 215, '1', '0', '0.00'),
(796, 175, 620, '1', '0', '0.00'),
(797, 175, 629, '2', '0', '0.00'),
(799, 176, 580, '10', '0', '0.00'),
(801, 177, 668, '1', '0', '0.00'),
(803, 178, 576, '2', '0', '0.00'),
(805, 179, 607, '1', '0', '0.00'),
(807, 180, 668, '1', '0', '0.00'),
(810, 181, 569, '2', '0', '0.00'),
(811, 181, 436, '1', '9000', '9000.00'),
(814, 182, 242, '1', '0', '0.00'),
(815, 182, 418, '1', '0', '0.00'),
(818, 183, 660, '1', '15', '15.00'),
(825, 184, 203, '3', '0', '0.00'),
(826, 184, 257, '1', '0', '0.00'),
(827, 184, 245, '1', '0', '0.00'),
(828, 184, 385, '1', '160', '160.00'),
(829, 184, 576, '1', '0', '0.00'),
(830, 184, 688, '1', '0', '0.00'),
(833, 185, 128, '1', '75', '75.00'),
(834, 185, 443, '4', '150', '600.00'),
(836, 186, 605, '1', '0', '0.00'),
(838, 187, 411, '2', '0', '0.00'),
(840, 188, 411, '1', '0', '0.00'),
(842, 189, 660, '1', '15', '15.00'),
(844, 190, 620, '12', '0', '0.00'),
(847, 191, 48, '2', '120', '240.00'),
(848, 191, 55, '1', '120', '120.00'),
(850, 192, 290, '1', '0', '0.00'),
(852, 193, 576, '2', '0', '0.00'),
(856, 194, 677, '2', '0', '0.00'),
(857, 194, 678, '2', '0', '0.00'),
(858, 194, 652, '1', '0', '0.00'),
(860, 195, 434, '1', '160', '160.00'),
(862, 196, 576, '2', '0', '0.00'),
(865, 197, 661, '2', '35', '70.00'),
(866, 197, 72, '1', '950', '950.00'),
(874, 198, 481, '3', '0', '0.00'),
(875, 198, 8, '1', '370', '370.00'),
(876, 198, 7, '4', '300', '1200.00'),
(877, 198, 111, '1', '60', '60.00'),
(878, 198, 127, '1', '50', '50.00'),
(879, 198, 444, '1', '0', '0.00'),
(880, 198, 27, '1', '120', '120.00'),
(882, 199, 459, '7', '0', '0.00'),
(884, 200, 580, '5', '0', '0.00'),
(886, 201, 392, '1', '0', '0.00'),
(889, 202, 420, '1', '25', '25.00'),
(891, 203, 562, '1', '0', '0.00'),
(893, 204, 433, '1', '55', '55.00'),
(895, 205, 55, '3', '120', '360.00'),
(897, 206, 60, '1', '250', '250.00'),
(899, 207, 420, '1', '25', '25.00'),
(901, 208, 411, '2', '0', '0.00'),
(908, 209, 36, '3', '30', '90.00'),
(909, 209, 506, '1', '0', '0.00'),
(918, 210, 257, '2', '0', '0.00'),
(919, 210, 185, '3', '0', '0.00'),
(920, 210, 203, '4', '0', '0.00'),
(921, 210, 331, '3', '0', '0.00'),
(923, 211, 660, '1', '15', '15.00'),
(925, 212, 576, '1', '0', '0.00'),
(927, 213, 442, '4', '120', '480.00'),
(930, 214, 50, '1', '120', '120.00'),
(931, 214, 291, '1', '0', '0.00'),
(938, 215, 335, '4', '0', '0.00'),
(939, 215, 299, '6', '0', '0.00'),
(940, 215, 287, '2', '0', '0.00'),
(941, 215, 245, '1', '0', '0.00'),
(942, 215, 385, '1', '160', '160.00'),
(943, 215, 210, '1', '0', '0.00'),
(945, 216, 579, '1', '0', '0.00'),
(950, 217, 669, '1', '0', '0.00'),
(951, 217, 567, '2', '0', '0.00'),
(952, 217, 645, '1', '0', '0.00'),
(953, 217, 646, '1', '0', '0.00'),
(956, 218, 46, '1', '195', '195.00'),
(957, 218, 677, '1', '0', '0.00'),
(965, 219, 576, '3', '0', '0.00'),
(966, 219, 395, '2', '0', '0.00'),
(967, 219, 96, '2', '40', '80.00'),
(968, 219, 14, '3', '50', '150.00'),
(969, 219, 322, '2', '0', '0.00'),
(970, 219, 473, '4', '0', '0.00'),
(971, 219, 476, '3', '0', '0.00'),
(975, 220, 723, '4', '0', '0.00'),
(977, 221, 668, '1', '0', '0.00'),
(979, 222, 661, '2', '35', '70.00'),
(980, 223, 668, '2', '0', '0.00'),
(981, 223, 46, '1', '195', '195.00'),
(984, 224, 668, '2', '0', '0.00'),
(985, 224, 46, '1', '195', '195.00');

-- --------------------------------------------------------

--
-- Table structure for table `products`
--

CREATE TABLE `products` (
  `id` int(11) NOT NULL,
  `name` varchar(255) NOT NULL,
  `sku` varchar(255) NOT NULL,
  `price` varchar(255) NOT NULL,
  `qty` varchar(255) NOT NULL,
  `unit` varchar(255) NOT NULL,
  `minimum` int(4) NOT NULL,
  `image` text NOT NULL,
  `description` text NOT NULL,
  `attribute_value_id` text,
  `brand_id` text NOT NULL,
  `category_id` text NOT NULL,
  `store_id` int(11) NOT NULL,
  `availability` int(11) NOT NULL
) ENGINE=InnoDB DEFAULT CHARSET=utf8;

--
-- Dumping data for table `products`
--

INSERT INTO `products` (`id`, `name`, `sku`, `price`, `qty`, `unit`, `minimum`, `image`, `description`, `attribute_value_id`, `brand_id`, `category_id`, `store_id`, `availability`) VALUES
(1, 'เฟอร์รูล 316L 25 mm', 'ENJO-SL-047', '70', '19', 'ตัว', 3, 'assets/images/product_image/63e3037d8a53c.jpg', '<p><img alt=\"\" src=\"https://www.bestconveyorcenter.com/shop/conveyor-component/sf-25/\">&nbsp;<br></p>', '[\"15\",\"6\",\"7\",\"21\"]', '[\"9\"]', '[\"6\"]', 3, 1),
(2, 'เฟอร์รูล 316L 38 mm', 'ENJO-SL-008', '80', '47', 'ตัว', 3, 'assets/images/product_image/63ca12b66b4c0.jpg', '', 'null', '[\"9\"]', '[\"6\"]', 3, 1),
(3, 'เฟอร์รูล 316L 76 mm', 'ENJO-SL-115', '150', '10', 'ตัว', 3, 'assets/images/product_image/63ca1532a6f07.jpg', '', '[\"15\",\"6\",\"7\",\"21\"]', '[\"9\"]', '[\"6\"]', 3, 1),
(4, 'เฟอร์รูล 316L 51 mm', 'ENJO-SL-007', '95', '105', 'ตัว', 3, 'assets/images/product_image/63ca1561ba5e4.jpg', '', 'null', '[\"9\"]', '[\"6\"]', 3, 1),
(5, 'เฟอร์รูล 316L 101.6 mm', 'ENJO-SL-085', '175', '17', 'ตัว', 3, 'assets/images/product_image/63ca15b626c4e.jpg', '', 'null', '[\"9\"]', '[\"6\"]', 3, 1),
(6, 'เฟอร์รูล+แคลมป์ 316L 25 mm ครบชุด', 'ENJO-SL-137', '250', '10', 'ตัว', 3, 'assets/images/product_image/63e30526dd620.jpg', '', '[\"15\",\"6\",\"7\",\"21\"]', '[\"9\"]', '[\"6\"]', 3, 1),
(7, 'เฟอร์รูล+แคลมป์ 316L 38 mm ครบชุด', 'ENJO-SL-009', '300', '5', 'ตัว', 3, 'assets/images/product_image/63ca163deada4.jpg', '', 'null', '[\"9\"]', '[\"6\"]', 3, 1),
(8, 'เฟอร์รูล+แคลมป์ 316L 51 mm ครบชุด', 'ENJO-SL-010', '370', '6', 'ตัว', 3, 'assets/images/product_image/63ca167f4fc25.jpg', '', 'null', '[\"9\"]', '[\"6\"]', 3, 1),
(9, 'เฟอร์รูล+แคลมป์ 316L 76 mm ครบชุด', 'ENJO-SL-125', '550', '2', 'ตัว', 3, 'assets/images/product_image/63ca16b84ff41.jpg', '', 'null', '[\"9\"]', '[\"6\"]', 3, 1),
(10, 'เฟอร์รูล+แคลมป์ 316L 101.6 mm ครบชุด', 'ENJO-SL-084', '680', '7', 'ตัว', 3, 'assets/images/product_image/63ca16e69b7b1.jpg', '', 'null', '[\"9\"]', '[\"6\"]', 3, 1),
(11, 'นิปเปิ้ล สแตนเลส 1/4', 'ENJO-SL-024', '25', '14', 'ตัว', 3, 'assets/images/product_image/63ca1aec36ec2.jpg', '', 'null', '[\"4\"]', '[\"6\"]', 3, 1),
(12, 'นิปเปิ้ล สแตนเลส 3/8', 'ENJO-SL-052', '23', '13', 'ตัว', 3, 'assets/images/product_image/63ca1b322f1cf.jpg', '', 'null', '[\"4\"]', '[\"6\"]', 3, 1),
(13, 'นิปเปิ้ล สแตนเลส 1/2', 'ENJO-SL-025', '38', '21', 'ตัว', 3, 'assets/images/product_image/63ca1bab277f6.jpg', '', 'null', '[\"9\"]', '[\"6\"]', 3, 1),
(14, 'นิปเปิ้ล สแตนเลส 3/4', 'ENJO-SL-026', '50', '9', 'ตัว', 3, 'assets/images/product_image/63ca3207ba82f.jpg', '', 'null', '[\"4\"]', '[\"6\"]', 3, 1),
(15, 'นิปเปิ้ล สแตนเลส 1', 'ENJO-SL-027', '65', '19', 'ตัว', 4, 'assets/images/product_image/63ca324fb14ac.jpg', '', 'null', '[\"4\"]', '[\"6\"]', 3, 1),
(16, 'นิปเปิ้ล สแตนเลส 1 1/4', 'ENJO-SL-028', '100', '8', 'ตัว', 3, 'assets/images/product_image/63ca32ed03044.jpg', '', 'null', '[\"4\"]', '[\"6\"]', 3, 1),
(17, 'นิปเปิ้ล สแตนเลส 1 1/2', 'ENJO-SL-029', '110', '10', 'ตัว', 3, 'assets/images/product_image/63ca34eb0704e.jpg', '', 'null', '[\"4\"]', '[\"6\"]', 3, 1),
(18, 'นิปเปิ้ล สแตนเลส 2', 'ENJO-SL-071', '195', '6', 'ตัว', 2, 'assets/images/product_image/63ca35885bd23.jpg', '', 'null', '[\"4\"]', '[\"6\"]', 3, 1),
(19, 'นิปเปิ้ล สแตนเลส 2 1/2', 'ENJO-SL-099', '290', '2', 'ตัว', 1, 'assets/images/product_image/63ca361ebc83c.jpg', '', 'null', '[\"4\"]', '[\"6\"]', 3, 1),
(20, 'นิปเปิ้ล สแตนเลส 3', 'ENJO-SL-178', '490', '2', 'ตัว', 3, 'assets/images/product_image/63ca3652c7464.jpg', '', '[\"15\",\"6\",\"7\",\"22\"]', '[\"4\"]', '[\"6\"]', 3, 1),
(21, 'ข้อต่อตรง เกลียวใน 1/4', 'ENJO-SL-016', '20', '15', 'ตัว', 3, 'assets/images/product_image/63ca586e21662.jpg', '', 'null', '[\"5\"]', '[\"6\"]', 3, 1),
(22, 'ข้อต่อตรง เกลียวใน 3/8', 'ENJO-SL-017', '25', '18', 'ตัว', 3, 'assets/images/product_image/63ca5a40cebe8.jpg', '', 'null', '[\"5\"]', '[\"6\"]', 3, 1),
(23, 'ข้อต่อตรง เกลียวใน 1/2', 'ENJO-SL-018', '29', '13', 'ตัว', 3, 'assets/images/product_image/63ca5ad514188.jpg', '', 'null', '[\"5\"]', '[\"6\"]', 3, 1),
(24, 'ข้อต่อตรง เกลียวใน 3/4', 'ENJO-SL-019', '35', '17', 'ตัว', 3, 'assets/images/product_image/63ca5b7a88511.jpg', '', 'null', '[\"5\"]', '[\"6\"]', 3, 1),
(25, 'ข้อต่อตรง เกลียวใน 1', 'ENJO-SL-053', '45', '6', 'ตัว', 3, 'assets/images/product_image/63ca5bf2d2ced.jpg', '', 'null', '[\"5\"]', '[\"6\"]', 3, 1),
(26, 'ข้อต่อตรง เกลียวใน 1 1/4', 'ENJO-SL-022', '95', '20', 'ตัว', 3, 'assets/images/product_image/63ca5c2320699.jpg', '', 'null', '[\"5\"]', '[\"6\"]', 3, 1),
(27, 'ข้อต่อตรง เกลียวใน 1 1/2', 'ENJO-SL-021', '120', '7', 'ตัว', 3, 'assets/images/product_image/63ca5c7b7e3b5.jpg', '', 'null', '[\"5\"]', '[\"6\"]', 3, 1),
(28, 'ข้อต่อตรง เกลียวใน 2', 'ENJO-SL-023', '150', '3', 'ตัว', 3, '<p>You did not select a file to upload.</p>', '', 'null', '[\"5\"]', '[\"6\"]', 3, 1),
(29, 'ข้อต่อตรง เกลียวใน 2 1/2', 'ENJO-SL-179', '250', '3', 'ตัว', 3, '<p>You did not select a file to upload.</p>', '', '[\"15\",\"6\",\"7\",\"22\"]', '[\"5\"]', '[\"6\"]', 3, 1),
(30, 'ข้อต่อตรง เกลียวใน 4', 'ENJO-SL-054', '450', '2', 'ตัว', 1, 'assets/images/product_image/63ca5d1ce3050.jpg', '', 'null', '[\"5\"]', '[\"6\"]', 3, 1),
(31, 'หางปลาไหล 304 1/2', 'ENJO-SL-067', '65', '4', 'ตัว', 3, 'assets/images/product_image/63ca5d833a1df.jpg', '', '[\"15\",\"6\",\"7\",\"22\"]', '[\"5\"]', '[\"6\"]', 3, 1),
(32, 'หางปลาไหล 304 3/4', 'ENJO-SL-088', '14', '10', 'ตัว', 3, 'assets/images/product_image/63ca5dbccb612.jpg', '', 'null', '[\"5\"]', '[\"6\"]', 3, 1),
(33, 'หางปลาไหล 304 1', 'ENJO-SL-087', '98', '26', 'ตัว', 3, 'assets/images/product_image/63ca5df7d3819.jpg', '', 'null', '[\"5\"]', '[\"6\"]', 3, 1),
(34, 'ข้องอ สแตนเลส 90 องศา 1/2 เกลียวใน', 'ENJO-SL-056', '10', '10', 'ตัว', 3, 'assets/images/product_image/63e22e93b7d63.jpg', '', 'null', '[\"6\"]', '[\"6\"]', 3, 1),
(35, 'ข้องอ สแตนเลส 90 องศา 3/4 เกลียวใน', 'ENJO-SL-109', '20', '11', 'ตัว', 2, 'assets/images/product_image/63e22ef900ad5.jpg', '', 'null', '[\"6\"]', '[\"6\"]', 3, 1),
(36, 'ข้องอ สแตนเลส 90 องศา 1 เกลียวใน', 'ENJO-SL-080', '30', '9', 'ตัว', 2, 'assets/images/product_image/63e22f55e59e8.jpg', '', 'null', '[\"6\"]', '[\"6\"]', 3, 1),
(37, 'ข้องอ สแตนเลส 90 องศา 1 1/2 เกลียวใน', 'ENJO-SL-073', '40', '7', 'ตัว', 3, 'assets/images/product_image/63e22fd740433.jpg', '', 'null', '[\"6\"]', '[\"6\"]', 3, 1),
(38, 'ข้องอ สแตนเลส 90 องศา 2 เกลียวใน', 'ENJO-SL-123', '50', '4', 'ตัว', 3, 'assets/images/product_image/63e23048aee36.jpg', '', '[\"15\",\"6\",\"7\",\"23\"]', '[\"6\"]', '[\"6\"]', 3, 1),
(39, 'ข้องอ สแตนเลส 90 องศา 1/2 แบบเชื่อม', 'ENJO-SL-129', '15', '15', 'ตัว', 3, 'assets/images/product_image/63e230ceca3be.jpg', '', 'null', '[\"6\"]', '[\"6\"]', 3, 1),
(40, 'ข้องอ สแตนเลส 90 องศา 3/4 แบบเชื่อม', 'ENJO-SL-079', '30', '15', 'ตัว', 3, 'assets/images/product_image/63e2312cbe584.jpg', '', 'null', '[\"6\"]', '[\"6\"]', 3, 1),
(41, 'ข้องอ สแตนเลส 90 องศา 1 แบบเชื่อม', 'ENJO-SL-051', '45', '19', 'ตัว', 3, 'assets/images/product_image/63e2316d8bcd2.jpg', '', 'null', '[\"6\"]', '[\"6\"]', 3, 1),
(42, 'ข้องอ สแตนเลส 90 องศา 1 1/2', 'ENJO-SL-060', '60', '20', 'ตัว', 3, 'assets/images/product_image/63e231e33113c.jpg', '', '[\"14\",\"6\",\"7\",\"23\"]', '[\"6\"]', '[\"6\"]', 3, 1),
(43, 'ข้องอ สแตนเลส 90 องศา 1 1/4', 'ENJO-SL-176', '75', '6', 'ตัว', 3, 'assets/images/product_image/63e232351e593.jpg', '', '[\"15\",\"6\",\"7\",\"23\"]', '[\"6\"]', '[\"6\"]', 3, 1),
(44, 'ข้องอ สแตนเลส 90 องศา 2', 'ENJO-SL-041', '90', '16', 'ตัว', 3, 'assets/images/product_image/63e23280aa871.jpg', '', '[\"15\",\"6\",\"7\",\"23\"]', '[\"6\"]', '[\"6\"]', 3, 1),
(45, 'ข้องอ สแตนเลส 90 องศา 2 1/2', 'ENJO-SL-130', '120', '11', 'ตัว', 3, 'assets/images/product_image/63e232c1c008a.jpg', '', 'null', '[\"6\"]', '[\"6\"]', 3, 1),
(46, 'WD 40', 'ENSP-OL-005', '195', '22', 'ตัว', 3, 'assets/images/product_image/63e318194dad7.jpg', '<p>เพิ่มเข้าวันที่ 18\\8\\66</p>', 'null', '[\"10\"]', '[\"9\"]', 3, 1),
(47, 'CRC Contact Cleaner', 'ENSP-OL-006', '200', '3', 'ตัว', 3, 'assets/images/product_image/63e319a6f35f0.jpg', '', 'null', '[\"10\"]', '[\"9\"]', 3, 1),
(48, 'สีสเปร์ยเหลือง MEDIUM YELLOW 241 NO.25', 'ENCT-PA-009', '120', '3', 'ตัว', 3, 'assets/images/product_image/63e31a3a16450.jpg', '', '[\"15\",\"10\",\"7\",\"21\"]', '[\"11\"]', '[\"9\"]', 3, 1),
(49, 'สีสเปร์ยบรอนซ์เงิน BRIGHT SILVER 300 NO.36', 'ENCT-PA-008', '120', '6', 'ตัว', 3, 'assets/images/product_image/63e31fce7d8fd.jpg', '', 'null', '[\"11\"]', '[\"9\"]', 3, 1),
(50, 'สีสเปร์ยเทา SILVER GREY 29 NO.22', 'ENCT-PA-007', '120', '6', 'ตัว', 3, 'assets/images/product_image/63e32291d79a2.jpg', '', 'null', '[\"11\"]', '[\"9\"]', 3, 1),
(51, 'สีสเปร์ยแดง RED 211 NO.23', 'ENCT-PA-006', '120', '5', 'ตัว', 3, 'assets/images/product_image/63e323cc31211.jpg', '', 'null', '[\"11\"]', '[\"9\"]', 3, 1),
(52, 'สีสเปร์ยครีม Grey 215', 'ENCT-PA-005', '120', '7', 'ตัว', 3, 'assets/images/product_image/63e3262e61e4e.jpg', '', 'null', '[\"11\"]', '[\"9\"]', 3, 1),
(53, 'สีสเปร์ยเขียว APPLE GREEN 217 NO.37', 'ENCT-PA-004', '120', '8', 'ตัว', 3, 'assets/images/product_image/63e3273933dd6.jpg', '', '[\"15\",\"10\",\"7\",\"21\"]', '[\"11\"]', '[\"9\"]', 3, 1),
(54, 'สีสเปร์ยน้ำเงิน RIVER BLUE 242 NO.9', 'ENCT-PA-003', '120', '2', 'ตัว', 3, 'assets/images/product_image/63e32807567d9.jpg', '', 'null', '[\"11\"]', '[\"9\"]', 3, 1),
(55, 'สีสเปร์ยดำ BLACK 210 NO.39', 'ENCT-PA-002', '120', '0', 'ตัว', 3, 'assets/images/product_image/63e328a30fc91.jpg', '', 'null', '[\"11\"]', '[\"9\"]', 3, 1),
(56, 'สีสเปร์ยขาว', 'ENCT-PA-001', '120', '8', 'ตัว', 3, 'assets/images/product_image/63e328d9622ff.jpg', '', 'null', '[\"11\"]', '[\"9\"]', 3, 1),
(57, 'ท่อร้อยสายไฟลูกฟูก PVC 3/4', 'ENET-EQ-007', '1000', '1', 'ม้วน', 3, 'assets/images/product_image/63e344dc97056.jpg', '', 'null', '[\"12\"]', '[\"10\"]', 3, 1),
(58, 'สายโทรศัพท์ 0.65*2 Core', 'ENET-WI-010', '500', '0', 'ตัว', 1, 'assets/images/product_image/63e34589dc527.jpg', '', 'null', '[\"13\"]', '[\"10\"]', 3, 1),
(59, 'สายโทรศัพท์ 0.65*4 Core', 'ENET-WI-009', '250', '2', 'ตัว', 1, 'assets/images/product_image/63e346482a6a0.jpg', '', 'null', '[\"13\"]', '[\"10\"]', 3, 1),
(60, 'สายไฟ VSF 1*1 SQ.mm สีแดง', 'ENET-WI-002', '250', '1', 'ม้วน', 1, 'assets/images/product_image/63e346aa0af49.jpg', '', '[\"29\"]', '[\"13\"]', '[\"10\"]', 3, 1),
(61, 'สายไฟ VSF 1*1 SQ.mm สีเหลือง', 'ENET-WI-001', '250', '0', 'ตัว', 3, 'assets/images/product_image/63e3484487dd2.jpg', '', '[\"15\",\"10\",\"7\",\"21\"]', '[\"13\"]', '[\"10\"]', 3, 1),
(62, 'ปูนซีเมนต์กันซึม', 'ENCT-OT-120', '650', '3', 'ตัว', 3, 'assets/images/product_image/63e348e122f89.jpg', '', '[\"15\",\"10\",\"7\",\"22\"]', '[\"14\"]', '[\"12\"]', 3, 1),
(63, 'เคมีโป้ผนัง', 'ENCT-PA-023', '650', '3', 'ตัว', 3, 'assets/images/product_image/63e34923881c8.jpg', '', 'null', '[\"14\"]', '[\"12\"]', 3, 1),
(64, 'สีทาถนนสะท้อนแสง TOA#703 สีเหลือง', 'ENCT-PA-029', '750', '1', 'ตัว', 3, 'assets/images/product_image/63e34a30da554.jpg', '', '[\"15\",\"10\",\"7\",\"22\"]', '[\"11\"]', '[\"12\"]', 3, 1),
(65, 'สีทาถนนสะท้อนแสง TOA#715 สีแดง', 'ENCT-PA-027', '750', '2', 'ตัว', 3, 'assets/images/product_image/63e34a79e393d.jpg', '', '[\"15\",\"10\",\"7\",\"22\"]', '[\"11\"]', '[\"12\"]', 3, 1),
(66, 'สายไฟ THW 1*1.5 SQ.mm. สีดำ', 'ENET-WI-038', '500', '3', 'ตัว', 3, 'assets/images/product_image/63e34cdc99119.jpg', '', '[\"15\",\"10\",\"7\",\"22\"]', '[\"13\"]', '[\"10\"]', 3, 1),
(67, 'สายไฟ THW 1*1.5 SQ.mm. สีเขียว/เหลือง', 'ENET-WI-016', '500', '2', 'ตัว', 3, 'assets/images/product_image/63e34d3445bba.jpg', '', '[\"15\",\"10\",\"7\",\"22\"]', '[\"13\"]', '[\"10\"]', 3, 1),
(68, 'สายไฟ THW 1*1.5 SQ.mm. สีแดง', 'ENET-WI-0', '500', '0', 'ตัว', 3, '<p>You did not select a file to upload.</p>', '', '[\"15\",\"10\",\"7\",\"22\"]', '[\"13\"]', '[\"10\"]', 3, 1),
(69, 'สายไฟ THW 1*1.5 SQ.mm. สีฟ้า', 'ENET-WI-020', '500', '2', 'ตัว', 3, 'assets/images/product_image/63e34e1a9816b.jpg', '', '[\"15\",\"10\",\"7\",\"22\"]', '[\"13\"]', '[\"10\"]', 3, 1),
(70, 'สายไฟ THW 1*1.5 SQ.mm. สีน้ำตาล', 'ENET-WI-017', '500', '1', 'ตัว', 3, 'assets/images/product_image/63e34eacec68d.jpg', '', '[\"15\",\"10\",\"7\",\"22\"]', '[\"13\"]', '[\"10\"]', 3, 1),
(71, 'สายไฟ THW 1*1.5 SQ.mm. สีน้ำเงิน', 'ENET-WI-015', '500', '1', 'ตัว', 3, 'assets/images/product_image/63e34fb9e35b1.jpg', '', '[\"15\",\"10\",\"7\",\"22\"]', '[\"13\"]', '[\"10\"]', 3, 1),
(72, 'สีน้ำมันสีดำ TOA 4 GLIPITON', 'ENCT-PA-035', '950', '1', 'ตัว', 3, 'assets/images/product_image/63e359683bb20.jpg', '', '[\"15\",\"10\",\"7\",\"23\"]', '[\"11\"]', '[\"12\"]', 3, 1),
(73, 'สีน้ำมันสีแดง TOA 4 GLIPITON', 'ENCT-PA-034', '950', '2', 'ตัว', 3, 'assets/images/product_image/63e35a33b141f.jpg', '', 'null', '[\"11\"]', '[\"12\"]', 3, 1),
(74, 'สีน้ำมันเคลือบเงา บรอนซ์เงิน B-1000', 'ENCT-PA-026', '1150', '2', 'ตัว', 3, 'assets/images/product_image/63e35ad1f1eeb.jpg', '', '[\"15\",\"10\",\"7\",\"23\"]', '[\"11\"]', '[\"12\"]', 3, 1),
(75, 'สีน้ำมันเคลือบเงา สีน้ำเงิน  G-370', 'ENCT-PA-018', '1150', '2', 'ตัว', 3, 'assets/images/product_image/63e35b39df8c7.jpg', '', '[\"15\",\"10\",\"7\",\"23\"]', '[\"11\"]', '[\"12\"]', 3, 1),
(76, 'สายไฟ THW 1*2.5 SQ.mm. สีเขียว/เหลือง', 'ENET-WI-008', '650', '3', 'ตัว', 3, 'assets/images/product_image/63e35c0414081.jpg', '', '[\"15\",\"10\",\"7\",\"23\"]', '[\"13\"]', '[\"10\"]', 3, 1),
(77, 'สายไฟ THW 1*2.5 SQ.mm. สีเทา', 'ENET-WI-006', '650', '6', 'ตัว', 3, 'assets/images/product_image/63e35caf15914.jpg', '', '[\"15\",\"10\",\"7\",\"23\"]', '[\"13\"]', '[\"10\"]', 3, 1),
(78, 'สายไฟ THW 1*2.5 SQ.mm. สีดำ', 'ENET-WI-004', '650', '2', 'ตัว', 3, 'assets/images/product_image/63e35d9cd8dc7.jpg', '', '[\"15\",\"10\",\"7\",\"23\"]', '[\"13\"]', '[\"10\"]', 3, 1),
(79, 'สายไฟ THW 1*2.5 SQ.mm. สีฟ้า', 'ENET-WI-007', '650', '4', 'ตัว', 3, 'assets/images/product_image/63e35e2437d7a.jpg', '', '[\"15\",\"10\",\"7\",\"23\"]', '[\"13\"]', '[\"10\"]', 3, 1),
(80, 'สายไฟ THW 1*2.5 SQ.mm. สีน้ำตาล', 'ENET-WI-012', '650', '4', 'ตัว', 3, '<p>You did not select a file to upload.</p>', '', '[\"15\",\"10\",\"7\",\"23\"]', '[\"13\"]', '[\"10\"]', 3, 1),
(81, 'สีน้ำมันเคลือบเงา สีขาว G-100', 'ENCT-PA-015', '1150', '3', 'ตัว', 3, 'assets/images/product_image/63e362aca42bb.jpg', '', '[\"15\",\"10\",\"7\",\"24\"]', '[\"11\"]', '[\"12\"]', 3, 1),
(82, 'สีน้ำมันเคลือบเงา สีเขียว G-581', 'ENCT-PA-012', '1150', '4', 'ตัว', 3, 'assets/images/product_image/63e36303e16c2.jpg', '', 'null', '[\"11\"]', '[\"12\"]', 3, 1),
(83, 'สายไฟ THW 1*4 SQ.mm. สีเขียว/เหลือง', 'ENET-WI-034', '850', '3', 'ตัว', 3, 'assets/images/product_image/63e363dba32cc.jpg', '', '[\"15\",\"10\",\"7\",\"24\"]', '[\"13\"]', '[\"10\"]', 3, 1),
(84, 'สายไฟ THW 1*4 SQ.mm. สีเทา', 'ENET-WI-036', '950', '2', 'ตัว', 3, 'assets/images/product_image/63e36438f3aa6.jpg', '', '[\"15\",\"10\",\"7\",\"24\"]', '[\"13\"]', '[\"10\"]', 3, 1),
(85, 'สายไฟ THW 1*4 SQ.mm. สีดำ', 'ENET-WI-035', '950', '1', 'ตัว', 3, 'assets/images/product_image/63e3647637f2c.jpg', '', '[\"15\",\"10\",\"7\",\"24\"]', '[\"13\"]', '[\"10\"]', 3, 1),
(86, 'สายไฟ THW 1*4 SQ.mm. สีฟ้า', 'ENET-WI-037', '950', '2', 'ตัว', 3, 'assets/images/product_image/63e364bd16a85.jpg', '', '[\"29\"]', '[\"13\"]', '[\"10\"]', 3, 1),
(87, 'สายไฟ THW 1*4 SQ.mm. สีน้ำตาล', 'ENET-WI-014', '950', '3', 'ตัว', 3, 'assets/images/product_image/63e36525783df.jpg', '', '[\"29\"]', '[\"13\"]', '[\"10\"]', 3, 1),
(88, 'ทินเนอร์ 10.47 ลิตร', 'ENCT-PA-031', '950', '3', 'ตัว', 3, 'assets/images/product_image/63e369213f820.jpg', '', '[\"29\"]', '[\"14\"]', '[\"12\"]', 3, 1),
(89, 'สีน้ำพลาสติกสีขาว ภายใน ชนิดด้าน', 'ENCT-PA-016', '1200', '5', 'ตัว', 3, 'assets/images/product_image/63e36966dc851.jpg', '', '[\"15\",\"10\",\"7\",\"25\"]', '[\"11\"]', '[\"12\"]', 3, 1),
(90, 'สายไฟ THW 1*6 SQ.mm. สีดำ', 'ENET-WI-061', '1000', '1', 'ตัว', 3, 'assets/images/product_image/63e369a3cbb39.jpg', '', '[\"15\",\"10\",\"7\",\"25\"]', '[\"13\"]', '[\"10\"]', 3, 1),
(91, 'สายไฟ THW 1*6 SQ.mm. สีเทา', 'ENET-WI-060', '1000', '1', 'ตัว', 3, 'assets/images/product_image/63e36a6276f30.jpg', '', '[\"15\",\"10\",\"7\",\"25\"]', '[\"13\"]', '[\"10\"]', 3, 1),
(92, 'สายไฟ THW 1*6 SQ.mm. สีฟ้า', 'ENET-WI-063', '1000', '1', 'ตัว', 3, 'assets/images/product_image/63e36ab38f874.jpg', '', '[\"15\",\"10\",\"7\",\"25\"]', '[\"13\"]', '[\"10\"]', 3, 1),
(93, 'สายไฟ THW 1*6 SQ.mm. สีเขียว', 'ENET-WI-064', '1000', '1', 'ตัว', 3, 'assets/images/product_image/63e36aef7c9a1.jpg', '', '[\"15\",\"10\",\"7\",\"25\"]', '[\"13\"]', '[\"10\"]', 3, 1),
(94, 'สายไฟ THW 1*6 SQ.mm. สีน้ำตาล', 'ENET-WI-065', '1000', '1', 'ตัว', 3, 'assets/images/product_image/63e36b329af30.jpg', '', '[\"15\",\"10\",\"7\",\"25\"]', '[\"13\"]', '[\"10\"]', 3, 1),
(95, 'ยูเนี่ยน สแตนเลส 1/2', 'ENJO-SL-091', '30', '10', 'ตัว', 3, 'assets/images/product_image/63e5baf4e4ba8.jpg', '', 'null', '[\"7\"]', '[\"6\"]', 3, 1),
(96, 'ยูเนี่ยน สแตนเลส 3/4', 'ENJO-SL-127', '40', '12', 'ตัว', 3, 'assets/images/product_image/63e5bb6f148ff.jpg', '', 'null', '[\"7\"]', '[\"6\"]', 3, 1),
(97, 'ยูเนี่ยน สแตนเลส 1', 'ENJO-SL-063', '50', '13', 'ตัว', 3, 'assets/images/product_image/63e5bbd470e09.jpg', '', 'null', '[\"7\"]', '[\"6\"]', 3, 1),
(98, 'ยูเนี่ยน สแตนเลส 1 1/2', 'ENJO-SL-030', '100', '13', 'ตัว', 3, 'assets/images/product_image/63e5bca1bd2c4.jpg', '', '[\"15\",\"6\",\"7\",\"24\"]', '[\"7\"]', '[\"6\"]', 3, 1),
(99, 'ยูเนี่ยน สแตนเลส 2', 'ENJO-SL-191', '150', '7', 'ตัว', 2, 'assets/images/product_image/63e6f7e46986b.jpg', '', '[\"29\"]', '[\"7\"]', '[\"6\"]', 3, 1),
(100, 'ยูเนี่ยน สแตนเลส 2 1/2', 'ENJO-SL-174', '200', '1', 'ตัว', 1, 'assets/images/product_image/63e5cdf10eb6d.jpg', '', 'null', '[\"7\"]', 'null', 3, 1),
(101, 'สามทาง สแตนเลส 1/2 เกลียวใน', 'ENJO-SL-090', '30', '7', 'ตัว', 3, 'assets/images/product_image/63e5e8e5d49ca.jpg', '', 'null', '[\"8\"]', '[\"6\"]', 3, 1),
(102, 'สามทาง สแตนเลส 3/4\" เกลียวใน', 'ENJO-SL-065', '50', '10', 'ตัว', 3, 'assets/images/product_image/63e5ecdba01a0.jpg', '', '[\"15\",\"6\",\"7\",\"24\"]', '[\"8\"]', '[\"6\"]', 3, 1),
(103, 'สามทาง สแตนเลส 1 เกลียวใน', 'ENJO-SL-128', '70', '4', 'ตัว', 3, 'assets/images/product_image/63e5ed376d1b8.jpg', '', 'null', '[\"8\"]', '[\"6\"]', 3, 1),
(104, 'สามทาง สแตนเลส 304 1', 'ENJO-SL-050', '70', '16', 'ตัว', 3, 'assets/images/product_image/63e5edb3f330a.jpg', '', 'null', '[\"8\"]', '[\"6\"]', 3, 1),
(105, 'สามทาง สแตนเลส 304  1*1/2 แบบเชื่อม', 'ENJO-SL-156', '100', '7', 'ตัว', 3, 'assets/images/product_image/63e5f95b81c10.jpg', '', 'null', '[\"8\"]', '[\"6\"]', 3, 1),
(106, 'สามทาง สแตนเลส 304 1*1/4 แบบเชื่อม', 'ENJO-SL-072', '150', '21', 'ตัว', 3, 'assets/images/product_image/63e5f8f7dc0f0.jpg', '', 'null', '[\"8\"]', '[\"6\"]', 3, 1),
(107, 'สามทาง สแตนเลส 304 2', 'ENJO-SL-031', '200', '4', 'ตัว', 3, 'assets/images/product_image/63e5f8d502db7.jpg', '', '[\"15\",\"6\",\"7\",\"24\"]', '[\"8\"]', '[\"6\"]', 3, 1),
(108, 'ข้อลดกลม สแตนเลส 316 25*13 mm', 'ENJO-SL-181', '10', '5', 'ตัว', 3, 'assets/images/product_image/63e7010ef1942.jpg', '', '[\"29\"]', '[\"15\"]', '[\"6\"]', 3, 1),
(109, 'ข้อลดกลม สแตนเลส 316 38*25 mm', 'ENJO-SL-001', '30', '21', 'ตัว', 3, '<p>You did not select a file to upload.</p>', '', '[\"29\"]', '[\"15\"]', '[\"6\"]', 3, 1),
(110, 'ข้อลดกลม สแตนเลส 316 51*25 mm', 'ENJO-SL-104', '50', '20', 'ตัว', 3, 'assets/images/product_image/63e703f78e7d8.jpg', '', '[\"29\"]', '[\"15\"]', '[\"6\"]', 3, 1),
(111, 'ข้อลดกลม สแตนเลส 316 51*38 mm', 'ENJO-SL-076', '60', '14', 'ตัว', 3, '<p>You did not select a file to upload.</p>', '', '[\"29\"]', '[\"15\"]', '[\"6\"]', 3, 1),
(112, 'ข้อลดกลม สแตนเลส 316 63.5*38 mm', 'ENJO-SL-113', '100', '3', 'ตัว', 3, 'assets/images/product_image/63e708629b440.jpg', '', '[\"29\"]', '[\"15\"]', '[\"6\"]', 3, 1),
(113, 'ข้อลดกลม สแตนเลส 316 63.5*51 mm', 'ENJO-SL-114', '120', '5', 'ตัว', 3, 'assets/images/product_image/63e708b6f34f0.jpg', '', 'null', '[\"15\"]', '[\"6\"]', 3, 1),
(114, 'ข้อลดกลม สแตนเลส 316 76*38 mm', 'ENJO-SL-182', '200', '5', 'ตัว', 3, 'assets/images/product_image/63e70cbbef64e.jpg', '', '[\"15\",\"6\",\"7\",\"25\"]', '[\"15\"]', '[\"6\"]', 3, 1),
(115, 'ข้อลดกลม สแตนเลส 316 76*51 mm', 'ENJO-SL-183', '200', '5', 'ตัว', 3, 'assets/images/product_image/63e715d59100b.jpg', '', 'null', '[\"15\"]', '[\"6\"]', 3, 1),
(116, 'ข้อลดกลม สแตนเลส 316 101.6*38 mm', 'ENJO-SL-184', '250', '2', 'ตัว', 3, 'assets/images/product_image/63e71633064e4.jpg', '', '[\"15\",\"6\",\"7\",\"25\"]', '[\"15\"]', '[\"6\"]', 3, 1),
(117, 'ข้อลดกลม สแตนเลส 316 101.6*51 mm', 'ENJO-SL-185', '300', '3', 'ตัว', 3, 'assets/images/product_image/63e716865c95b.jpg', '', '[\"15\",\"6\",\"7\",\"25\"]', '[\"15\"]', '[\"6\"]', 3, 1),
(118, 'ข้อลดเหลี่ยม สแตนเลส 304 เกลียว 3/8นอก *1/4ใน', 'ENJO-SL-070', '10', '8', 'ตัว', 3, 'assets/images/product_image/63e749e6dde64.jpg', '', '[\"29\"]', '[\"16\"]', '[\"6\"]', 3, 1),
(119, 'ข้อลดเหลี่ยม สแตนเลส 304 เกลียว 1/2นอก', 'ENJO-SL-082', '20', '14', 'ตัว', 3, 'assets/images/product_image/63e74b1fd441b.jpg', '', '[\"29\"]', '[\"16\"]', '[\"6\"]', 3, 1),
(120, 'ข้อลดเหลี่ยม สแตนเลส 304 เกลียว 1/2 นอก 3/8 ใน', 'ENJO-SL-077', '30', '17', 'ตัว', 3, 'assets/images/product_image/63e74b61b449e.jpg', '', 'null', '[\"16\"]', '[\"6\"]', 3, 1),
(121, 'ข้อลดเหลี่ยม สแตนเลส 304 เกลียว 3/4นอก 1/2 ใน', 'ENJO-SL-055', '40', '18', 'ตัว', 3, 'assets/images/product_image/63e74bb1df1b9.jpg', '', '[\"29\"]', '[\"16\"]', '[\"6\"]', 3, 1),
(122, 'ข้อลดเหลี่ยม สแตนเลส 304 เกลียว 1\"นอก\"*1/2\" ใน', 'ENJO-SL-136', '50', '4', 'ตัว', 3, 'assets/images/product_image/63e74c0602a13.jpg', '', '[\"15\",\"6\",\"7\",\"25\"]', '[\"16\"]', '[\"6\"]', 3, 1),
(123, 'ข้อลดเหลี่ยม สแตนเลส 304 เกลียว 1 นอก 3/4 ใน', 'ENJO-SL-011', '60', '15', 'ตัว', 3, 'assets/images/product_image/63e74ce07f5d6.jpg', '', 'null', '[\"16\"]', '[\"6\"]', 3, 1),
(124, 'ข้อลดเหลี่ยม สแตนเลส 304 เกลียว 1 1/4', 'ENJO-SL-094', '90', '2', 'ตัว', 3, 'assets/images/product_image/63e74d98721fc.jpg', '', 'null', '[\"16\"]', '[\"6\"]', 3, 1),
(125, 'ข้อลดเหลี่ยม สแตนเลส 304 เกลียว 2 นอก 1 เกลียวใน', 'ENJO-SL-134', '200', '1', 'ตัว', 3, 'assets/images/product_image/63e751a74348d.jpg', '', 'null', '[\"16\"]', '[\"6\"]', 3, 1),
(126, 'ข้องอโค้งสั้น สแตนเลส 316L 90 องศา 25 mm', 'ENJO-SL-003', '25', '17', 'ตัว', 3, 'assets/images/product_image/63e757920d1a2.jpg', '', 'null', '[\"6\"]', '[\"6\"]', 3, 1),
(127, 'ข้องอโค้งสั้น สแตนเลส 316L 90 องศา 38 mm', 'ENJO-SL-004', '50', '22', 'ตัว', 3, 'assets/images/product_image/63e757f169af3.jpg', '', '[\"29\"]', '[\"6\"]', '[\"6\"]', 3, 1),
(128, 'ข้องอโค้งสั้น สแตนเลส 316L 90 องศา 51 mm', 'ENJO-SL-177', '75', '16', 'ตัว', 3, 'assets/images/product_image/63e7585760ecc.jpg', '', '[\"29\"]', '[\"6\"]', '[\"6\"]', 3, 1),
(129, 'ข้องอโค้งยาว สแตนเลส 316L 180 องศา 38 mm', 'ENJO-SL-097', '100', '14', 'ตัว', 3, 'assets/images/product_image/63e759b22b72d.jpg', '', '[\"29\"]', '[\"6\"]', '[\"6\"]', 3, 1),
(130, 'ข้องอโค้งยาว สแตนเลส 316L 180 องศา 51 mm', 'ENJO-SL-016', '150', '4', 'ตัว', 2, 'assets/images/product_image/63e75a360b470.jpg', '', '[\"29\"]', '[\"6\"]', '[\"6\"]', 3, 1),
(131, 'สามทาง สแตนเลส 316L 25mm แบบเชื่อม', 'ENJO-SL-132', '30', '11', 'ตัว', 3, 'assets/images/product_image/63e75b0f9572c.jpg', '', '[\"15\",\"6\",\"7\",\"26\"]', '[\"8\"]', '[\"6\"]', 3, 1),
(132, 'สามทาง สแตนเลส 316L 38mm แบบเชื่อม', 'ENJO-SL-006', '50', '10', 'ตัว', 3, 'assets/images/product_image/63e75bc3227f0.jpg', '', '[\"29\"]', '[\"8\"]', '[\"6\"]', 3, 1),
(133, 'สามทาง สแตนเลส 316L 51mm แบบเชื่อม', 'ENJO-SL-005', '100', '11', 'ตัว', 3, 'assets/images/product_image/63e75c784e0c7.jpg', '', '[\"29\"]', '[\"8\"]', '[\"6\"]', 3, 1),
(136, 'นิปเปิ้ล กาวาไนท์ 1/4', 'ENJO-KA-005', '20', '5', 'ตัว', 3, 'assets/images/product_image/63ef22946cf28.jpg', '', '[\"29\"]', '[\"4\"]', '[\"4\"]', 3, 1),
(137, 'นิปเปิ้ล กาวาไนท์ 1/2', 'ENJO-KA-004', '30', '21', 'ตัว', 3, 'assets/images/product_image/63ef2302d0638.jpg', '', '[\"29\"]', '[\"4\"]', '[\"4\"]', 3, 1),
(138, 'นิปเปิ้ล กาวาไนท์ 1\"', 'ENJO-KA-213', '50', '20', 'ตัว', 3, 'assets/images/product_image/63ef249334e49.jpg', '', '[\"15\",\"6\",\"8\",\"21\"]', '[\"4\"]', '[\"4\"]', 3, 1),
(139, 'นิปเปิ้ล กาวาไนท์ 1 1/4', 'ENJO-KA-212', '70', '3', 'ตัว', 3, 'assets/images/product_image/63ef24de38b45.jpg', '', '[\"15\",\"6\",\"8\",\"21\"]', '[\"4\"]', '[\"4\"]', 3, 1),
(140, 'นิปเปิ้ล กาวาไนท์ 1 1/2\"', 'ENJO-KA-006', '100', '3', 'ตัว', 3, 'assets/images/product_image/63ef2588dd2e5.jpg', '', '[\"15\",\"6\",\"8\",\"21\"]', '[\"4\"]', '[\"4\"]', 3, 1),
(141, 'นิปเปิ้ล กาวาไนท์ 2\"', 'ENJO-KA-003', '150', '3', 'ตัว', 3, 'assets/images/product_image/63ef265cb5687.jpg', '', '[\"15\",\"6\",\"8\",\"21\"]', '[\"4\"]', '[\"4\"]', 3, 1),
(142, 'นิปเปิ้ล กาวาไนท์ 2 1/2\"', 'ENJO-KA-031', '200', '2', 'ตัว', 3, 'assets/images/product_image/63ef26c8d3e58.jpg', '', '[\"15\",\"6\",\"8\",\"21\"]', '[\"4\"]', '[\"4\"]', 3, 1),
(143, 'นิปเปิ้ล กาวาไนท์ 3\"', 'ENJO-KA-013', '250', '1', 'ตัว', 3, 'assets/images/product_image/63ef289a1ec70.jpg', '', '[\"15\",\"6\",\"8\",\"21\"]', '[\"4\"]', '[\"4\"]', 3, 1),
(144, 'นิปเปิ้ล กาวาไนท์ 4\"', 'ENJO-KA-034', '300', '1', 'ตัว', 3, 'assets/images/product_image/63ef29d47a2fe.jpg', '', '[\"15\",\"6\",\"8\",\"21\"]', '[\"4\"]', '[\"4\"]', 3, 1),
(145, 'ข้อต่อตรง กาวาไนท์ 1/2 เกลียวใน', 'ENJO-KA-021', '20', '22', 'ตัว', 3, 'assets/images/product_image/63ef2a9344233.jpg', '', '[\"29\"]', '[\"5\"]', '[\"4\"]', 3, 1),
(146, 'ข้อต่อตรง กาวาไนท์ 3/4', 'ENJO-KA-020', '30', '18', 'ตัว', 3, 'assets/images/product_image/63ef2ad19fd23.jpg', '', '[\"29\"]', '[\"5\"]', '[\"4\"]', 3, 1),
(147, 'ข้อต่อตรง กาวาไนท์ 1\" เกลียวใน', 'ENJO-KA-019', '40', '20', 'ตัว', 3, 'assets/images/product_image/63ef2b1601e46.jpg', '', '[\"15\",\"6\",\"8\",\"21\"]', '[\"5\"]', '[\"4\"]', 3, 1),
(148, 'ข้อต่อตรง กาวาไนท์ 1 1/4\" เกลียวใน', 'ENJO-KA-018', '60', '12', 'ตัว', 3, 'assets/images/product_image/63ef2cf6580e2.jpg', '', '[\"15\",\"6\",\"8\",\"21\"]', '[\"5\"]', '[\"4\"]', 3, 1),
(149, 'ข้อต่อตรง กาวาไนท์ 2\" เกลียวใน', 'ENJO-KA-206', '70', '3', 'ตัว', 3, 'assets/images/product_image/63ef2d3b68225.jpg', '', '[\"15\",\"6\",\"8\",\"21\"]', '[\"5\"]', '[\"4\"]', 3, 1),
(150, 'ข้อต่อตรง กาวาไนท์ 2 1/2 เกลียวใน', 'ENJO-KA-205', '120', '3', 'ตัว', 3, 'assets/images/product_image/63ef2e63e7083.jpg', '', '[\"15\",\"6\",\"8\",\"21\"]', '[\"5\"]', '[\"4\"]', 3, 1),
(151, 'ข้อต่อตรง กาวาไนท์ 3\" เกลียวใน', 'ENJO-KA-017', '150', '1', 'ตัว', 3, 'assets/images/product_image/63ef2f21c6182.jpg', '', '[\"15\",\"6\",\"8\",\"21\"]', '[\"5\"]', '[\"4\"]', 3, 1),
(152, 'ข้องอ กาวาไนท์ 90 องศา 1/2\" เกลียวใน', 'ENJO-KA-015', '25', '19', 'ตัว', 3, 'assets/images/product_image/63ef42683dd87.jpg', '', '[\"15\",\"6\",\"8\",\"22\"]', '[\"6\"]', '[\"4\"]', 3, 1),
(153, 'ข้องอ กาวาไนท์ 90 องศา 3/4 เกลียวใน', 'ENJO-KA-001', '50', '12', 'ตัว', 3, 'assets/images/product_image/63ef42a742193.jpg', '', 'null', '[\"6\"]', '[\"4\"]', 3, 1),
(154, 'ข้องอ กาวาไนท์ 90 องศา 1', 'ENJO-KA-002', '75', '10', 'ตัว', 3, 'assets/images/product_image/63ef431fdb0d7.jpg', '', 'null', '[\"6\"]', '[\"4\"]', 3, 1),
(155, 'ข้องอ กาวาไนท์ 90 องศา 1 1/4\" เกลียวใน', 'ENJO-KA-035', '100', '6', 'ตัว', 3, 'assets/images/product_image/63ef4363200c2.jpg', '', '[\"15\",\"6\",\"8\",\"22\"]', '[\"6\"]', '[\"4\"]', 3, 1),
(156, 'ข้องอ กาวาไนท์ 90 องศา 2\" เกลียวใน', 'ENJO-KA-007', '125', '11', 'ตัว', 3, 'assets/images/product_image/63ef43a77d46c.jpg', '', '[\"15\",\"6\",\"8\",\"22\"]', '[\"6\"]', '[\"4\"]', 3, 1),
(157, 'ข้องอ กาวาไนท์ 90 องศา 2 1/2\" เกลียวใน', 'ENJO-KA-016', '150', '11', 'ตัว', 3, 'assets/images/product_image/63ef469d5be7f.jpg', '', '[\"15\",\"6\",\"8\",\"22\"]', '[\"6\"]', '[\"4\"]', 3, 1),
(158, 'ข้องอ กาวาไนท์ 45 องศา 1\" เกลียวใน', 'ENJO-KA-009', '75', '5', 'ตัว', 3, 'assets/images/product_image/63ef46d6d30b3.jpg', '', '[\"15\",\"6\",\"8\",\"22\"]', '[\"6\"]', '[\"4\"]', 3, 1),
(159, 'ยูเนี่ยน กาวาไนท์  1/2\"', 'ENJO-KA-022', '30', '4', 'ตัว', 3, 'assets/images/product_image/63ef47fd1f259.jpg', '', '[\"15\",\"6\",\"8\",\"22\"]', '[\"7\"]', '[\"4\"]', 3, 1),
(160, 'ยูเนี่ยน กาวาไนท์  3/4\"', 'ENJO-KA-023', '50', '3', 'ตัว', 3, 'assets/images/product_image/63ef48323649a.jpg', '', '[\"15\",\"6\",\"8\",\"22\"]', '[\"7\"]', '[\"4\"]', 3, 1),
(161, 'ยูเนี่ยน กาวาไนท์  1\"', 'ENJO-KA-024', '75', '10', 'ตัว', 3, 'assets/images/product_image/63ef4865d95cc.jpg', '', '[\"15\",\"6\",\"8\",\"22\"]', '[\"7\"]', '[\"4\"]', 3, 1),
(162, 'ยูเนี่ยน กาวาไนท์  1 1/4\"', 'ENJO-KA-025', '100', '5', 'ตัว', 3, 'assets/images/product_image/63ef489880322.jpg', '', '[\"15\",\"6\",\"8\",\"22\"]', '[\"7\"]', '[\"4\"]', 3, 1),
(163, 'ยูเนี่ยน กาวาไนท์  1 1/2\"', 'ENJO-KA-026', '125', '5', 'ตัว', 3, 'assets/images/product_image/63ef48ff938a6.jpg', '', '[\"15\",\"6\",\"8\",\"22\"]', '[\"7\"]', '[\"4\"]', 3, 1),
(164, 'ยูเนี่ยน กาวาไนท์  2\"', 'ENJO-KA-027', '150', '3', 'ตัว', 3, 'assets/images/product_image/63ef493198b38.jpg', '', '[\"15\",\"6\",\"8\",\"22\"]', '[\"7\"]', '[\"4\"]', 3, 1),
(165, 'ยูเนี่ยน กาวาไนท์  2 1/2\"', 'ENJO-KA-028', '175', '4', 'ตัว', 3, 'assets/images/product_image/63ef496f9b642.jpg', '', '[\"15\",\"6\",\"8\",\"22\"]', '[\"7\"]', '[\"4\"]', 3, 1),
(166, 'ยูเนี่ยน กาวาไนท์  3', 'ENJO-KA-030', '250', '3', 'ตัว', 3, 'assets/images/product_image/63ef49b53e91a.jpg', '', '[\"15\",\"6\",\"8\",\"22\"]', '[\"7\"]', '[\"4\"]', 3, 1),
(176, 'ข้อต่อสามทาง PVC 1/2', 'ENJO-PV-120', '0', '14', 'ตัว', 3, '<p>You did not select a file to upload.</p>', '', '[\"31\"]', '[\"12\"]', '[\"13\"]', 3, 1),
(177, 'ข้อต่อสามทาง PVC 3/4', 'ENJO-PV-053', '0', '7', 'ตัว', 3, '<p>You did not select a file to upload.</p>', '', '[\"31\"]', '[\"12\"]', '[\"13\"]', 3, 1),
(178, 'ข้อต่อสามทาง PVC 1', 'ENJO-PV-054', '0', '10', 'ตัว', 3, '<p>You did not select a file to upload.</p>', '', '[\"30\"]', '[\"8\"]', '[\"13\"]', 3, 1),
(179, 'ข้อต่อสามทาง PVC 1.1/4\" สีฟ้า', 'ENJO-PV-125', '0', '6', 'ตัว', 3, '<p>You did not select a file to upload.</p>', '', '[\"30\"]', '[\"8\"]', '[\"13\"]', 3, 1),
(180, 'ข้อต่อสามทาง PVC 1.1/2', 'ENJO-PV-105', '0', '7', 'ตัว', 3, '<p>You did not select a file to upload.</p>', '', '[\"30\"]', '[\"8\"]', '[\"13\"]', 3, 1),
(181, 'ข้อต่อสามทาง PVC 2', 'ENJO-PV-003', '0', '13', 'ตัว', 3, '<p>You did not select a file to upload.</p>', '', '[\"30\"]', '[\"8\"]', '[\"13\"]', 3, 1),
(182, 'ข้อต่อสามทาง PVC 2.1/2\" สีฟ้า', 'ENJO-PV-136', '0', '5', 'ตัว', 3, '<p>You did not select a file to upload.</p>', '', '[\"30\"]', '[\"8\"]', '[\"13\"]', 3, 1),
(183, 'ข้อต่อสามทาง PVC 3\" สีฟ้า', 'ENJO-PV-106', '0', '4', 'ตัว', 3, '<p>You did not select a file to upload.</p>', '', '[\"30\"]', '[\"8\"]', '[\"13\"]', 3, 1),
(184, 'ข้อต่อสามทาง PVC 4\" สีฟ้า', 'ENJO-PV-107', '0', '2', 'ตัว', 3, '<p>You did not select a file to upload.</p>', '', '[\"30\"]', '[\"8\"]', '[\"13\"]', 3, 1),
(185, 'หน้าแปลน PVC 2\" สีฟ้า', 'ENJO-PV-009', '0', '10', 'ตัว', 3, '<p>You did not select a file to upload.</p>', '', '[\"30\"]', '[\"17\"]', '[\"13\"]', 3, 1),
(186, 'หน้าแปลน PVC 4', 'ENJO-PV-042', '0', '8', 'ตัว', 3, '<p>You did not select a file to upload.</p>', '', '[\"30\"]', '[\"17\"]', '[\"13\"]', 3, 1),
(187, 'หน้าแปลน PVC 3\" สีฟ้า', 'ENJO-PV-128', '0', '0', 'ตัว', 3, '<p>You did not select a file to upload.</p>', '', '[\"30\"]', '[\"17\"]', '[\"13\"]', 3, 1),
(188, 'หน้าแปลน PVC 5\" สีฟ้า', 'ENJO-PV-049', '0', '5', 'ตัว', 3, '<p>You did not select a file to upload.</p>', '', '[\"30\"]', '[\"17\"]', '[\"13\"]', 3, 1),
(189, 'ข้อต่อตรง PVC 1/2\" สีฟ้า', 'ENJO-PV-020', '0', '38', 'ตัว', 3, '<p>You did not select a file to upload.</p>', '', '[\"30\"]', '[\"17\"]', '[\"13\"]', 3, 1),
(190, 'ข้อต่อตรง PVC 3/4', 'ENJO-PV-021', '0', '41', 'ตัว', 3, '<p>You did not select a file to upload.</p>', '', '[\"30\"]', '[\"5\"]', '[\"13\"]', 3, 1),
(191, 'ข้อต่อตรง PVC 1', 'ENJO-PV-022', '0', '36', 'ตัว', 3, '<p>You did not select a file to upload.</p>', '', '[\"30\"]', '[\"5\"]', '[\"13\"]', 3, 1),
(192, 'ข้อต่อตรง PVC 1.1/4\" สีฟ้า', 'ENJO-PV-023', '0', '21', 'ตัว', 3, '<p>You did not select a file to upload.</p>', '', '[\"30\"]', '[\"5\"]', '[\"13\"]', 3, 1),
(193, 'ข้อต่อตรง PVC 1.1/2', 'ENJO-PV-024', '0', '9', 'ตัว', 3, '<p>You did not select a file to upload.</p>', '', '[\"30\"]', '[\"5\"]', '[\"13\"]', 3, 1),
(194, 'ข้อต่อตรง PVC 2', 'ENJO-PV-025', '0', '6', 'ตัว', 3, '<p>You did not select a file to upload.</p>', '', '[\"30\"]', '[\"5\"]', '[\"13\"]', 3, 1),
(195, 'ข้อต่อตรง PVC 2.1/2\" สีฟ้า', 'ENJO-PV-131', '0', '4', 'ตัว', 3, '<p>You did not select a file to upload.</p>', '', '[\"30\"]', '[\"5\"]', '[\"13\"]', 3, 1),
(196, 'ข้อต่อตรง PVC 3\" สีฟ้า', 'ENJO-PV-103', '0', '10', 'ตัว', 3, '<p>You did not select a file to upload.</p>', '', '[\"30\"]', '[\"5\"]', '[\"13\"]', 3, 1),
(197, 'ข้อต่อตรง PVC 4\" สีฟ้า', 'ENJO-PV-052', '0', '7', 'ตัว', 3, '<p>You did not select a file to upload.</p>', '', '[\"30\"]', '[\"5\"]', '[\"13\"]', 3, 1),
(198, 'ข้องอ PVC 1/2', 'ENJO-PV-007', '0', '10', 'ตัว', 3, '<p>You did not select a file to upload.</p>', '', '[\"30\"]', '[\"6\"]', '[\"13\"]', 3, 1),
(199, 'ข้องอ PVC 3/4', 'ENJO-PV-040', '0', '13', 'ตัว', 3, 'assets/images/product_image/6502bcda7ca4f.jpg', '', '[\"30\"]', '[\"6\"]', '[\"13\"]', 3, 1),
(200, 'ข้องอ PVC 1', 'ENJO-PV-037', '0', '2', 'ตัว', 9, 'assets/images/product_image/6502bd5071fcc.jpg', '', '[\"30\"]', '[\"6\"]', '[\"13\"]', 3, 1),
(201, 'ข้องอ PVC 1.1/4\" 90 องศา สีฟ้า', 'ENJO-PV-086', '0', '2', 'ตัว', 3, '<p>You did not select a file to upload.</p>', '', '[\"30\"]', '[\"6\"]', '[\"13\"]', 3, 1),
(202, 'ข้องอ PVC 1.1/2', 'ENJO-PV-072', '0', '14', 'ตัว', 3, '<p>You did not select a file to upload.</p>', '', '[\"30\"]', '[\"6\"]', '[\"13\"]', 3, 1),
(203, 'ข้องอ PVC 2', 'ENJO-PV-001', '0', '1', 'ตัว', 3, '<p>You did not select a file to upload.</p>', '', '[\"30\"]', '[\"6\"]', '[\"13\"]', 3, 1),
(204, 'ข้องอ PVC 2.1/2\" 90 องศา สีฟ้า', 'ENJO-PV-145', '0', '0', 'ตัว', 3, '<p>You did not select a file to upload.</p>', '', '[\"30\"]', '[\"6\"]', '[\"13\"]', 3, 1),
(205, 'ข้องอ PVC 3', 'ENJO-PV-156', '0', '3', 'ตัว', 2, '<p>You did not select a file to upload.</p>', '', '[\"30\"]', '[\"6\"]', '[\"13\"]', 3, 1),
(206, 'ข้องอ PVC 4\" 90 องศา สีฟ้า', 'ENJO-PV-094', '0', '2', 'ตัว', 3, '<p>You did not select a file to upload.</p>', '', '[\"30\"]', '[\"6\"]', '[\"13\"]', 3, 1),
(207, 'ข้อต่อตรง 2 นิ้ว เกลียวใน', 'ENJO-PV-002', '0', '3', 'ตัว', 3, '<p>You did not select a file to upload.</p>', '', '[\"30\"]', '[\"5\"]', '[\"13\"]', 3, 1),
(208, 'ข้อต่อตรง 1*1/2 นิ้ว เกลียวใน', 'ENJO-PV-051', '0', '10', 'ตัว', 3, '<p>You did not select a file to upload.</p>', '', '[\"30\"]', '[\"5\"]', '[\"13\"]', 3, 1),
(209, 'ข้อต่อตรง 1 นิ้ว เกลียวใน', 'ENJO-PV-006', '0', '6', 'ตัว', 3, '<p>You did not select a file to upload.</p>', '', '[\"30\"]', '[\"5\"]', '[\"13\"]', 3, 1),
(210, 'ข้อต่อตรง 3/4 นิ้ว เกลียวใน', 'ENJO-PV-005', '0', '10', 'ตัว', 3, '<p>You did not select a file to upload.</p>', '', '[\"30\"]', '[\"5\"]', '[\"13\"]', 3, 1),
(211, 'ข้อต่อตรง 1/2 นิ้ว เกลียวใน', 'ENJO-PV-004', '0', '29', 'ตัว', 3, '<p>You did not select a file to upload.</p>', '', '[\"30\"]', '[\"5\"]', '[\"13\"]', 3, 1),
(212, 'ข้อต่อตรง 2*1/2 นิ้ว เกลียวใน', 'ENJO-PV-133', '0', '3', 'ตัว', 3, '<p>You did not select a file to upload.</p>', '', '[\"30\"]', '[\"5\"]', '[\"13\"]', 3, 1),
(213, 'ปลั๊กอุด PVC 1/2 นิ้ว', 'ENJO-PV-047', '0', '15', 'ตัว', 3, '<p>You did not select a file to upload.</p>', '', '[\"30\"]', '[\"18\"]', '[\"13\"]', 3, 1),
(214, 'ปลั๊กอุด PVC 3/4 นิ้ว', 'ENJO-PV-100', '0', '14', 'ตัว', 3, '<p>You did not select a file to upload.</p>', '', '[\"30\"]', '[\"18\"]', '[\"13\"]', 3, 1),
(215, 'ปลั๊กอุด PVC 1 นิ้ว', 'ENJO-PV-048', '0', '13', 'ตัว', 3, '<p>You did not select a file to upload.</p>', '', '[\"30\"]', '[\"18\"]', '[\"13\"]', 3, 1),
(216, 'ปลั๊กอุด PVC 1*1/2 นิ้ว', 'ENJO-PV-126', '0', '6', 'ตัว', 3, '<p>You did not select a file to upload.</p>', '', '[\"30\"]', '[\"18\"]', '[\"13\"]', 3, 1),
(217, 'ปลั๊กอุด PVC 2*1/2 นิ้ว', 'ENJO-PV-127', '0', '0', 'ตัว', 3, '<p>You did not select a file to upload.</p>', '', '[\"30\"]', '[\"18\"]', '[\"13\"]', 3, 1),
(218, 'นิปเปิ้ล PVC 1/2 นิ้ว', 'ENJO-PV-121', '0', '27', 'ตัว', 3, '<p>You did not select a file to upload.</p>', '', '[\"30\"]', '[\"4\"]', '[\"13\"]', 3, 1),
(219, 'นิปเปิ้ล PVC 3/4 นิ้ว', 'ENJO-PV-123', '0', '39', 'ตัว', 3, '<p>You did not select a file to upload.</p>', '', '[\"30\"]', '[\"4\"]', '[\"13\"]', 3, 1),
(220, 'นิปเปิ้ล PVC 1 นิ้ว', 'ENJO-PV-122', '0', '9', 'ตัว', 3, '<p>You did not select a file to upload.</p>', '', '[\"30\"]', '[\"4\"]', '[\"13\"]', 3, 1),
(221, 'หางปลาไหล PVC 3/4 นิ้ว', 'ENJO-PV-076', '0', '5', 'ตัว', 3, '<p>You did not select a file to upload.</p>', '', '[\"30\"]', '[\"14\"]', '[\"13\"]', 3, 1),
(222, 'ฝาครอบ PVC 2* นิ้ว', 'ENJO-PV-071', '0', '2', 'ตัว', 2, '<p>You did not select a file to upload.</p>', '', '[\"30\"]', '[\"19\"]', '[\"13\"]', 3, 1),
(223, 'ฝาครอบ PVC 1*1/2 นิ้ว', 'ENJO-PV-091', '0', '16', 'ตัว', 3, '<p>You did not select a file to upload.</p>', '', '[\"30\"]', '[\"19\"]', '[\"13\"]', 3, 1),
(224, 'ฝาครอบ PVC 1*1/4 นิ้ว', 'ENJO-PV-095', '0', '12', 'ตัว', 3, '<p>You did not select a file to upload.</p>', '', '[\"30\"]', '[\"19\"]', '[\"13\"]', 3, 1),
(225, 'ฝาครอบ PVC 1 นิ้ว', 'ENJO-PV-061', '0', '17', 'ตัว', 3, '<p>You did not select a file to upload.</p>', '', '[\"30\"]', '[\"19\"]', '[\"13\"]', 3, 1),
(226, 'ฝาครอบ PVC 3/4 นิ้ว', 'ENJO-PV-062', '0', '18', 'ตัว', 3, '<p>You did not select a file to upload.</p>', '', '[\"30\"]', '[\"19\"]', '[\"13\"]', 3, 1),
(227, 'ฝาครอบ PVC 1/2 นิ้ว', 'ENJO-PV-102', '0', '19', 'ตัว', 3, '<p>You did not select a file to upload.</p>', '', '[\"30\"]', '[\"19\"]', '[\"13\"]', 3, 1),
(228, 'ข้องอ PVC 90 องศา 1 นิ้ว เกลียวใน', 'ENJO-PV-060', '0', '20', 'ตัว', 3, '<p>You did not select a file to upload.</p>', '', '[\"30\"]', '[\"6\"]', '[\"13\"]', 3, 1),
(229, 'ข้องอ PVC 90 องศา 3/4 นิ้ว เกลียวใน', 'ENJO-PV-085', '0', '5', 'ตัว', 3, '<p>You did not select a file to upload.</p>', '', '[\"30\"]', '[\"6\"]', '[\"13\"]', 3, 1),
(230, 'ข้องอ PVC 90 องศา 1/2 นิ้ว เกลียวใน', 'ENJO-PV-084', '0', '8', 'ตัว', 3, '<p>You did not select a file to upload.</p>', '', '[\"30\"]', '[\"6\"]', '[\"13\"]', 3, 1),
(231, 'สามทาง 2*1/2 นิ้ว', 'ENJO-PV-124', '0', '5', 'ตัว', 3, '<p>You did not select a file to upload.</p>', '', '[\"30\"]', '[\"8\"]', '[\"13\"]', 3, 1),
(232, 'สามทาง 1*1/4 นิ้ว', 'ENJO-PV-125', '0', '6', 'ตัว', 3, '<p>You did not select a file to upload.</p>', '', '[\"30\"]', '[\"8\"]', '[\"13\"]', 3, 1),
(233, 'สามทาง 4 นิ้ว', 'ENJO-PV-107', '0', '2', 'ตัว', 3, '<p>You did not select a file to upload.</p>', '', '[\"30\"]', '[\"8\"]', '[\"13\"]', 3, 1),
(234, 'สามทาง 3 นิ้ว', 'ENJO-PV-106', '0', '4', 'ตัว', 3, '<p>You did not select a file to upload.</p>', '', '[\"30\"]', '[\"8\"]', '[\"13\"]', 3, 1),
(235, 'สามทาง 2 นิ้ว', 'ENJO-PV-003', '0', '6', 'ตัว', 3, '<p>You did not select a file to upload.</p>', '', '[\"30\"]', '[\"8\"]', '[\"13\"]', 3, 1),
(236, 'สามทาง 1*1/2 นิ้ว', 'ENJO-PV-105', '0', '7', 'ตัว', 3, '<p>You did not select a file to upload.</p>', '', '[\"30\"]', '[\"8\"]', '[\"13\"]', 3, 1),
(240, 'สามทาง PVC 8 นิ้ว', 'ENJO-PV-034', '0', '1', 'ตัว', 3, '<p>You did not select a file to upload.</p>', '', '[\"30\"]', '[\"8\"]', '[\"13\"]', 3, 1),
(241, 'สามทางวาย PVC 3 นิ้ว', 'ENJO-PV-030', '0', '2', 'ตัว', 3, '<p>You did not select a file to upload.</p>', '', '[\"30\"]', '[\"8\"]', '[\"13\"]', 3, 1),
(242, 'สามทางวาย PVC 4 นิ้ว', 'ENJO-PV-036', '0', '1', 'ตัว', 3, '<p>You did not select a file to upload.</p>', '', '[\"30\"]', '[\"8\"]', '[\"13\"]', 3, 1),
(243, 'สามทางวาย PVC 5 นิ้ว', 'ENJO-PV-130', '0', '1', 'ตัว', 3, '<p>You did not select a file to upload.</p>', '', '[\"30\"]', '[\"8\"]', '[\"13\"]', 3, 1),
(244, 'สามทางลด 2 นิ้ว เป็น 1 นิ้ว', 'ENJO-PV-065', '0', '5', 'ตัว', 3, '<p>You did not select a file to upload.</p>', '', '[\"30\"]', '[\"8\"]', '[\"13\"]', 3, 1),
(245, 'สามทางลด 2 นิ้ว เป็น 3/4 นิ้ว', 'ENJO-PV-096', '0', '8', 'ตัว', 3, '<p>You did not select a file to upload.</p>', '', '[\"30\"]', '[\"8\"]', '[\"13\"]', 3, 1),
(246, 'สามทางลด 2 นิ้ว เป็น 1/2 นิ้ว', 'ENJO-PV-059', '0', '2', 'ตัว', 3, '<p>You did not select a file to upload.</p>', '', '[\"30\"]', '[\"8\"]', '[\"13\"]', 3, 1),
(247, 'สามทางลด 1*1/2 นิ้ว เป็น 1 นิ้ว', 'ENJO-PV-063', '0', '8', 'ตัว', 3, '<p>You did not select a file to upload.</p>', '', '[\"30\"]', '[\"8\"]', '[\"13\"]', 3, 1),
(248, 'สามทางลด 1 นิ้ว เป็น 1/2 นิ้ว', 'ENJO-PV-110', '0', '14', 'ตัว', 3, '<p>You did not select a file to upload.</p>', '', '[\"30\"]', '[\"8\"]', '[\"13\"]', 3, 1),
(249, 'สามทางลด 3 นิ้ว เป็น 2 นิ้ว', 'ENJO-PV-135', '0', '2', 'ตัว', 3, '<p>You did not select a file to upload.</p>', '', '[\"30\"]', '[\"8\"]', '[\"13\"]', 3, 1),
(250, 'สามทางลด 1*1/2 นิ้ว เป็น 3/4 นิ้ว', 'ENJO-PV-134', '0', '6', 'ตัว', 3, '<p>You did not select a file to upload.</p>', '', '[\"30\"]', '[\"8\"]', '[\"13\"]', 3, 1),
(251, 'ข้อต่อตรง 3 นิ้ว เกลียวนอก', 'ENJO-PV-111', '0', '3', 'ตัว', 3, '<p>You did not select a file to upload.</p>', '', '[\"30\"]', '[\"5\"]', '[\"13\"]', 3, 1),
(252, 'ข้อต่อตรง PVC 1/2 นิ้ว เกลียวนอก', 'ENJO-PV-010', '0', '20', 'ตัว', 3, '<p>You did not select a file to upload.</p>', '', '[\"30\"]', '[\"5\"]', '[\"13\"]', 3, 1),
(253, 'ข้อต่อตรง PVC 3/4 นิ้ว เกลียวนอก', 'ENJO-PV-012', '0', '13', 'ตัว', 3, '<p>You did not select a file to upload.</p>', '', '[\"30\"]', '[\"5\"]', '[\"13\"]', 3, 1),
(254, 'ข้อต่อตรง PVC 1 นิ้ว เกลียวนอก', 'ENJO-PV-013', '0', '9', 'ตัว', 3, '<p>You did not select a file to upload.</p>', '', '[\"30\"]', '[\"5\"]', '[\"13\"]', 3, 1),
(255, 'ข้อต่อตรง PVC 1*1/4 นิ้ว เกลียวนอก', 'ENJO-PV-014', '0', '6', 'ตัว', 3, '<p>You did not select a file to upload.</p>', '', '[\"30\"]', '[\"5\"]', '[\"13\"]', 3, 1),
(256, 'ข้อต่อตรง PVC 1*1/2 นิ้ว เกลียวนอก', 'ENJO-PV-015', '0', '12', 'ตัว', 3, '<p>You did not select a file to upload.</p>', '', '[\"30\"]', '[\"5\"]', '[\"13\"]', 3, 1),
(257, 'ข้อต่อตรง PVC 2 นิ้ว เกลียวนอก', 'ENJO-PV-016', '0', '17', 'ตัว', 3, '<p>You did not select a file to upload.</p>', '', '[\"30\"]', '[\"5\"]', '[\"13\"]', 3, 1),
(258, 'ข้อต่อตรง PVC 4 นิ้ว เกลียวนอก', 'ENJO-PV-019', '0', '3', 'ตัว', 3, '<p>You did not select a file to upload.</p>', '', '[\"30\"]', '[\"5\"]', '[\"13\"]', 3, 1),
(259, 'ข้อลด PVC 3/4 นิ้ว เป็น 1/2 นิ้ว', 'ENJO-PV-114', '0', '8', 'ตัว', 3, '<p>You did not select a file to upload.</p>', '', '[\"30\"]', '[\"15\"]', '[\"13\"]', 3, 1),
(260, 'ข้อลด PVC 1 นิ้ว เป็น 1/2 นิ้ว', 'ENJO-PV-113', '0', '11', 'ตัว', 3, '<p>You did not select a file to upload.</p>', '', '[\"30\"]', '[\"15\"]', '[\"13\"]', 3, 1),
(261, 'ข้อต่อลด PVC 1 นิ้ว เป็น 3/4 นิ้ว', 'ENJO-PV-058', '0', '10', 'ตัว', 3, '<p>You did not select a file to upload.</p>', '', '[\"30\"]', '[\"15\"]', '[\"13\"]', 3, 1),
(262, 'ข้อต่อลด PVC 1*1/2 นิ้ว เป็น 3/4 นิ้ว', 'ENJO-PV-046', '0', '13', 'ตัว', 3, '<p>You did not select a file to upload.</p>', '', '[\"30\"]', '[\"15\"]', '[\"13\"]', 3, 1),
(263, 'ข้อลด PVC 2 นิ้ว เป็น 1/2 นิ้ว', 'ENJO-PV-082', '0', '7', 'ตัว', 3, '<p>You did not select a file to upload.</p>', '', '[\"30\"]', '[\"15\"]', '[\"13\"]', 3, 1),
(264, 'ข้อต่อลด PVC 2 นิ้ว เป็น 1*1/2 นิ้ว', 'ENJO-PV-045', '0', '1', 'ตัว', 3, 'assets/images/product_image/6502bab0eafcd.jpg', '', '[\"30\"]', '[\"15\"]', '[\"13\"]', 3, 1),
(265, 'ข้อลด PVC 3 นิ้ว เป็น 2 นิ้ว', 'ENJO-PV-112', '0', '1', 'ตัว', 3, '<p>You did not select a file to upload.</p>', '', '[\"30\"]', '[\"15\"]', '[\"13\"]', 3, 1),
(266, 'ข้อลด PVC 3 นิ้ว เป็น 2*1/2 นิ้ว', 'ENJO-PV-132', '0', '1', 'ตัว', 3, '<p>You did not select a file to upload.</p>', '', '[\"30\"]', '[\"15\"]', '[\"13\"]', 3, 1),
(267, 'ข้อลด PVC 4 นิ้ว เป็น 3 นิ้ว', 'ENJO-PV-333', '0', '2', 'ตัว', 3, '<p>You did not select a file to upload.</p>', '', '[\"30\"]', '[\"15\"]', '[\"13\"]', 3, 1),
(268, 'ข้อลด PVC 2*1/2 นิ้ว เป็น 2 นิ้ว', 'ENJO-PV-329', '0', '1', 'ตัว', 3, '<p>You did not select a file to upload.</p>', '', '[\"30\"]', '[\"15\"]', '[\"13\"]', 3, 1),
(269, 'ข้อลด PVC 2 นิ้ว เป็น 1 นิ้ว', 'ENJO-PV-334', '0', '10', 'ตัว', 3, '<p>You did not select a file to upload.</p>', '', '[\"30\"]', '[\"15\"]', '[\"13\"]', 3, 1),
(270, 'ข้องอ PVC 4\" 90 องศา สีฟ้า บาง', 'ENJO-PV-115', '0', '4', 'ตัว', 3, '<p>You did not select a file to upload.</p>', '', '[\"30\"]', '[\"6\"]', '[\"13\"]', 3, 1),
(271, 'ข้องอ 45 องศา 2 นิ้ว', 'ENJO-PV-008', '0', '11', 'ตัว', 3, '<p>You did not select a file to upload.</p>', '', '[\"30\"]', '[\"6\"]', '[\"13\"]', 3, 1),
(272, 'ข้องอ 45 องศา 3 นิ้ว', 'ENJO-PV-117', '0', '2', 'ตัว', 3, '<p>You did not select a file to upload.</p>', '', '[\"30\"]', '[\"6\"]', '[\"13\"]', 3, 1),
(273, 'ข้องอ 45 องศา 4 นิ้ว', 'ENJO-PV-330', '0', '7', 'ตัว', 3, '<p>You did not select a file to upload.</p>', '', '[\"30\"]', '[\"6\"]', '[\"13\"]', 3, 1),
(274, 'ข้อโค้งงอ 90 องศา 4 นิ้ว 100 mm', 'ENJO-PV-332', '0', '1', 'ตัว', 3, '<p>You did not select a file to upload.</p>', '', '[\"30\"]', '[\"6\"]', '[\"13\"]', 3, 1),
(275, 'บอลวาล์ว PVC 1/2 นิ้ว', 'ENVA-PV-006', '0', '9', 'ตัว', 3, 'assets/images/product_image/6503c93cde357.jpg', '', '[\"30\"]', '[\"20\"]', '[\"13\"]', 3, 1),
(276, 'บอลวาล์ว PVC 3/4 นิ้ว', 'ENVA-PV-004', '0', '9', 'ตัว', 3, 'assets/images/product_image/6503c9d5d55fd.jpg', '', '[\"30\"]', '[\"20\"]', '[\"13\"]', 3, 1),
(277, 'บอลวาล์ว PVC 1 นิ้ว', 'ENVA-PV-002', '0', '8', 'ตัว', 3, '<p>You did not select a file to upload.</p>', '', '[\"30\"]', '[\"20\"]', '[\"13\"]', 3, 1),
(278, 'บอลวาล์ว PVC 1*1/2 นิ้ว เกลียวใน', 'ENVA-PV-003', '0', '2', 'ตัว', 3, '<p>You did not select a file to upload.</p>', '', '[\"30\"]', '[\"20\"]', '[\"13\"]', 3, 1),
(279, 'บอลวาล์ว PVC 2 นิ้ว แบบสวม', 'ENVA-PV-001', '0', '7', 'ตัว', 3, 'assets/images/product_image/6503ca4097ecd.jpg', '', '[\"30\"]', '[\"20\"]', '[\"13\"]', 3, 1),
(280, 'บอลวาล์ว PVC 2 นิ้ว เกลียวใน', 'ENVA-PV-007', '0', '5', 'ตัว', 3, '<p>You did not select a file to upload.</p>', '', '[\"30\"]', '[\"20\"]', '[\"13\"]', 3, 1),
(281, 'บอลวาล์ว PVC 1*1/2 นิ้ว แบบสวม', 'ENVA-PV-005', '0', '0', 'ตัว', 3, '<p>You did not select a file to upload.</p>', '', '[\"30\"]', '[\"20\"]', '[\"13\"]', 3, 1),
(282, 'แค้มก้ามปู PVC 1', 'ENET-EQ-216', '0', '197', 'ตัว', 3, '<p>You did not select a file to upload.</p>', '', '[\"30\"]', '[\"21\"]', '[\"13\"]', 3, 1),
(283, 'แค้มก้ามปู PVC 1/2\" สีฟ้า', 'ENET-EQ-217', '0', '95', 'ตัว', 3, '<p>You did not select a file to upload.</p>', '', '[\"30\"]', '[\"21\"]', '[\"13\"]', 3, 1),
(284, 'แค้มก้ามปู PVC 3/4\" สีฟ้า', 'ENET-EQ-218', '0', '97', 'ตัว', 3, '<p>You did not select a file to upload.</p>', '', '[\"30\"]', '[\"21\"]', '[\"13\"]', 3, 1),
(285, 'ข้อต่อตรง 3/8 นิ้ว สีเหลือง', 'ENJO-PV-092', '0', '57', 'ตัว', 3, '<p>You did not select a file to upload.</p>', '', '[\"30\"]', '[\"5\"]', '[\"13\"]', 3, 1),
(286, 'ข้อต่อตรง 1/2 นิ้ว สีเหลือง', 'ENJO-PV-073', '0', '19', 'ตัว', 3, 'assets/images/product_image/64e31c0a54b43.jpg', '', '[\"30\"]', '[\"5\"]', '[\"13\"]', 3, 1),
(287, 'ข้อต่อตรง 3/4 นิ้ว สีเหลือง', 'ENJO-PV-044', '0', '31', 'ตัว', 3, 'assets/images/product_image/64e31b55770ac.jpg', '', '[\"30\"]', '[\"5\"]', '[\"13\"]', 3, 1),
(288, 'ข้อต่อตรง 1 นิ้ว สีเหลือง', 'ENJO-PV-129', '0', '41', 'ตัว', 3, '<p>You did not select a file to upload.</p>', '', '[\"30\"]', '[\"5\"]', '[\"13\"]', 3, 1),
(289, 'ข้อต่อตรง 1*1/2 นิ้ว สีเหลือง', 'ENJO-PV-078', '0', '5', 'ตัว', 3, '<p>You did not select a file to upload.</p>', '', '[\"30\"]', '[\"5\"]', '[\"13\"]', 3, 1),
(290, 'ข้อต่อเข้ากล่อง 1/2 นิ้ว สีเหลือง', 'ENJO-PV-051', '0', '19', 'ตัว', 3, 'assets/images/product_image/652f7ab04ef82.jpg', '', '[\"30\"]', '[\"22\"]', '[\"13\"]', 3, 1),
(291, 'ข้อต่อเข้ากล่อง 3/4 นิ้ว สีเหลือง', 'ENJO-PV-150', '0', '52', 'ตัว', 3, '<p>You did not select a file to upload.</p>', '', '[\"30\"]', '[\"22\"]', '[\"13\"]', 3, 1),
(292, 'ข้อต่อเข้ากล่อง 1*1/2 นิ้ว สีเหลือง', 'ENJO-PV-079', '0', '5', 'ตัว', 3, 'assets/images/product_image/6509466067738.jpg', '', '[\"30\"]', '[\"22\"]', '[\"13\"]', 3, 1),
(294, 'ข้อต่อเข้ากล่อง 1 นิ้ว สีเหลือง', 'ENET-EQ-086', '0', '32', 'ตัว', 3, '<p>You did not select a file to upload.</p>', '', '[\"30\"]', '[\"22\"]', '[\"13\"]', 3, 1),
(296, 'ข้อต่อตรงเข้ากล่อง 2 นิ้ว สีเหลือง', 'ENJO-PV-147', '0', '4', 'ตัว', 3, '<p>You did not select a file to upload.</p>', '', '[\"30\"]', '[\"5\"]', '[\"13\"]', 3, 1),
(297, 'ข้องอ 90 องศา 1*1/2 นิ้ว สีเหลือง', 'ENJO-PV-038', '0', '10', 'ตัว', 3, '<p>You did not select a file to upload.</p>', '', '[\"30\"]', '[\"6\"]', '[\"13\"]', 3, 1),
(298, 'ข้องอ 90 องศา 1 นิ้ว สีเหลือง', 'ENJO-PV-028', '0', '12', 'ตัว', 3, '<p>You did not select a file to upload.</p>', '', '[\"30\"]', '[\"6\"]', '[\"13\"]', 3, 1),
(299, 'ข้องอ 90 องศา 3/4 นิ้ว สีเหลือง', 'ENJO-PV-152', '0', '15', 'ตัว', 3, 'assets/images/product_image/65094be9a8a94.jpg', '', '[\"30\"]', '[\"6\"]', '[\"13\"]', 3, 1),
(300, 'ข้องอ 90 องศา 1/2 นิ้ว สีเหลือง', 'ENJO-PV-026', '6', '27', 'ตัว', 3, 'assets/images/product_image/64e31d406ef2b.jpg', '', '[\"30\"]', '[\"6\"]', '[\"13\"]', 3, 1),
(301, 'ข้องอ 90 องศา 3/8 นิ้ว สีเหลือง', 'ENJO-PV-022', '0', '12', 'ตัว', 3, '<p>You did not select a file to upload.</p>', '', '[\"30\"]', '[\"6\"]', '[\"13\"]', 3, 1),
(302, 'ข้อโค้งงอ 90 องศา 2 นิ้ว สีเหลือง', 'ENJO-PV-331', '0', '6', 'ตัว', 3, '<p>You did not select a file to upload.</p>', '', '[\"30\"]', '[\"6\"]', '[\"13\"]', 3, 1),
(303, 'ข้องอ 45 องศา 1 นิ้ว สีเหลือง', 'ENJO-PV-149', '0', '0', 'ตัว', 3, '<p>You did not select a file to upload.</p>', '', '[\"30\"]', '[\"6\"]', '[\"13\"]', 3, 1),
(304, 'ท่อ PVC 3/8\" สีเหลือง', 'ENPI-PV-020', '0', '18', 'ตัว', 3, '<p>You did not select a file to upload.</p>', '', '[\"30\"]', '[\"12\"]', '[\"13\"]', 3, 1),
(305, 'ท่อ PVC 1/2\" สีเหลือง', 'ENPI-PV-015', '0', '17', 'ตัว', 3, '<p>You did not select a file to upload.</p>', '', '[\"30\"]', '[\"12\"]', '[\"13\"]', 3, 1),
(306, 'ท่อ PVC 3/4\" สีเหลือง', 'ENPI-PV-016', '0', '7', 'ตัว', 3, '<p>You did not select a file to upload.</p>', '', '[\"30\"]', '[\"12\"]', '[\"13\"]', 3, 1),
(307, 'ท่อ PVC 1\" สีเหลือง', 'ENPI-PV-017', '0', '50', 'ตัว', 3, '<p>You did not select a file to upload.</p>', '', '[\"30\"]', '[\"12\"]', '[\"13\"]', 3, 1),
(308, 'ท่อ PVC 1*1/2\" สีเหลือง', 'ENPI-PV-023', '0', '5', 'ตัว', 3, '<p>You did not select a file to upload.</p>', '', '[\"30\"]', '[\"12\"]', '[\"13\"]', 3, 1),
(309, 'ท่อ PVC 2\" สีเหลือง', 'ENPI-PV-018', '0', '14', 'ตัว', 3, '<p>You did not select a file to upload.</p>', '', '[\"30\"]', '[\"12\"]', '[\"13\"]', 3, 1),
(310, 'แค้มก้ามปู PVC 1\" สีเหลือง', 'ENET-EQ-028', '0', '112', 'ตัว', 3, '<p>You did not select a file to upload.</p>', '', '[\"30\"]', '[\"21\"]', '[\"13\"]', 3, 1);
INSERT INTO `products` (`id`, `name`, `sku`, `price`, `qty`, `unit`, `minimum`, `image`, `description`, `attribute_value_id`, `brand_id`, `category_id`, `store_id`, `availability`) VALUES
(311, 'แค้มก้ามปู PVC 3/4\" สีเหลือง', 'ENET-EQ-027', '0', '184', 'ตัว', 3, '<p>You did not select a file to upload.</p>', '', '[\"30\"]', '[\"21\"]', '[\"13\"]', 3, 1),
(312, 'แค้มก้ามปู PVC 3/8\" สีเหลือง', 'ENET-EQ-082', '0', '27', 'ตัว', 3, '<p>You did not select a file to upload.</p>', '', '[\"30\"]', '[\"21\"]', '[\"13\"]', 3, 1),
(313, 'แค้มก้ามปู PVC 1/2\" สีเหลือง', 'ENET-EQ-026', '0', '0', 'ตัว', 3, '<p>You did not select a file to upload.</p>', '', '[\"30\"]', '[\"21\"]', '[\"13\"]', 3, 1),
(316, 'ข้อต่อตรง 1/2\" สีขาว', 'ENJO-PV-101', '0', '14', 'ตัว', 3, '<p>You did not select a file to upload.</p>', '', '[\"30\"]', '[\"5\"]', '[\"13\"]', 3, 1),
(317, 'ข้อต่อตรง 3/4', 'ENJO-PV-087', '0', '5', 'ตัว', 3, '<p>You did not select a file to upload.</p>', '', '[\"30\"]', '[\"5\"]', '[\"13\"]', 3, 1),
(318, 'ข้อต่อเข้ากล่อง 1/2 นิ้ว สีขาว', 'ENJO-PV-081', '0', '0', 'ตัว', 3, '<p>You did not select a file to upload.</p>', '', '[\"30\"]', '[\"22\"]', '[\"13\"]', 3, 1),
(319, 'ข้อต่อเข้ากล่อง 3/4 นิ้ว สีขาว', 'ENET-EQ-085', '0', '52', 'ตัว', 3, '<p>You did not select a file to upload.</p>', '', '[\"30\"]', '[\"22\"]', '[\"13\"]', 3, 1),
(320, 'แค้มก้ามปู PVC 1/2\" สีขาว', 'ENET-EQ-023', '0', '140', 'ตัว', 3, '<p>You did not select a file to upload.</p>', '', '[\"30\"]', '[\"21\"]', '[\"13\"]', 3, 1),
(321, 'แค้มก้ามปู PVC 3/4\" สีขาว', 'ENET-EQ-024', '0', '286', 'ตัว', 3, '<p>You did not select a file to upload.</p>', '', '[\"30\"]', '[\"21\"]', '[\"13\"]', 3, 1),
(322, 'สามทาง สแตนเลส 304 3/4” แบบเชื่อม', 'ENJO-SL-157', '0', '18', 'ตัว', 3, '<p>You did not select a file to upload.</p>', '', '[\"29\"]', '[\"8\"]', '[\"6\"]', 3, 1),
(323, 'ข้อต่อสามทาง กาวาไนท์ 1/2” เกลียวใน', 'ENJO-KA-051', '0', '6', 'ตัว', 3, '<p>You did not select a file to upload.</p>', '', '[\"29\"]', '[\"8\"]', '[\"4\"]', 3, 1),
(324, 'ข้อต่อสามทาง กาวาไนท์ 3/4” เกลียวใน', 'ENJO-KA-020', '0', '5', 'ตัว', 3, '<p>You did not select a file to upload.</p>', '', '[\"29\"]', '[\"8\"]', '[\"4\"]', 3, 1),
(325, 'ข้อต่อสามทาง กาวาไนท์ 1” เกลียวใน', 'ENJO-KA-008', '0', '7', 'ตัว', 3, '<p>You did not select a file to upload.</p>', '', '[\"29\"]', '[\"8\"]', '[\"4\"]', 3, 1),
(326, 'ข้อต่อสามทาง กาวาไนท์ 1*1/4” เกลียวใน', 'ENJO-KA-052', '0', '2', 'ตัว', 3, '<p>You did not select a file to upload.</p>', '', '[\"29\"]', '[\"8\"]', '[\"4\"]', 3, 1),
(327, 'ข้อต่อสามทาง กาวาไนท์ 2” เกลียวใน', 'ENJO-KA-200', '0', '4', 'ตัว', 3, '<p>You did not select a file to upload.</p>', '', '[\"29\"]', '[\"8\"]', '[\"4\"]', 3, 1),
(328, 'ข้อต่อสามทาง กาวาไนท์ 2*1/2” เกลียวใน', 'ENJO-KA-041', '0', '1', 'ตัว', 3, '<p>You did not select a file to upload.</p>', '', '[\"29\"]', '[\"8\"]', '[\"4\"]', 3, 1),
(329, 'ข้อต่อสามทาง กาวาไนท์ 3” เกลียวใน', 'ENJO-KA-201', '0', '1', 'ตัว', 3, '<p>You did not select a file to upload.</p>', '', '[\"29\"]', '[\"8\"]', '[\"4\"]', 3, 1),
(330, 'ท่อ PVC 4” สีฟ้า ปลายบาน', 'ENPI-PV-011', '0', '13', 'ตัว', 3, '<p>You did not select a file to upload.</p>', '', '[\"31\"]', '[\"12\"]', '[\"13\"]', 3, 1),
(331, 'ท่อ PVC 2” สีฟ้า ปลายบาน', 'ENPI-PV-008', '0', '8', 'ตัว', 3, '<p>You did not select a file to upload.</p>', '', '[\"31\"]', '[\"12\"]', '[\"13\"]', 3, 1),
(332, 'ท่อ PVC 3/4” สีขาว', 'ENPI-PV-025', '0', '8', 'ตัว', 3, '<p>You did not select a file to upload.</p>', '', '[\"31\"]', '[\"12\"]', '[\"13\"]', 3, 1),
(333, 'ท่อ PVC 3/8” สีเหลือง', 'ENPI-PV-020', '0', '17', 'ตัว', 3, '<p>You did not select a file to upload.</p>', '', '[\"31\"]', '[\"12\"]', '[\"13\"]', 3, 1),
(334, 'ท่อ PVC 1/2” สีเหลือง', 'ENPI-PV-015', '0', '15', 'ตัว', 3, '<p>You did not select a file to upload.</p>', '', '[\"31\"]', '[\"12\"]', '[\"13\"]', 3, 1),
(335, 'ท่อ PVC 3/4” สีเหลือง', 'ENPI-PV-016', '0', '2', 'ตัว', 3, '<p>You did not select a file to upload.</p>', '', '[\"31\"]', '[\"12\"]', '[\"13\"]', 3, 1),
(336, 'ท่อ PVC 1” สีเหลือง', 'ENPI-PV-017', '0', '36', 'ตัว', 3, '<p>You did not select a file to upload.</p>', '', '[\"31\"]', '[\"12\"]', '[\"13\"]', 3, 1),
(337, 'ท่อ PVC 1*1/2” สีเหลือง', 'ENPI-PV-023', '0', '5', 'ตัว', 3, '<p>You did not select a file to upload.</p>', '', '[\"31\"]', '[\"12\"]', '[\"13\"]', 3, 1),
(338, 'ท่อ PVC 2” สีเหลือง', 'ENPI-PV-018', '0', '14', 'ตัว', 3, '<p>You did not select a file to upload.</p>', '', '[\"31\"]', '[\"12\"]', '[\"13\"]', 3, 1),
(339, 'ท่อ PVC 1/2” สีฟ้า ปลายบาน', 'ENPI-PV-003', '0', '21', 'ตัว', 3, '<p>You did not select a file to upload.</p>', '', '[\"31\"]', '[\"12\"]', '[\"13\"]', 3, 1),
(340, 'ท่อ PVC 3/4” สีฟ้า ปลายบาน', 'ENPI-PV-004', '0', '26', 'ตัว', 3, '<p>You did not select a file to upload.</p>', '', '[\"31\"]', '[\"12\"]', '[\"13\"]', 3, 1),
(341, 'ท่อ PVC 1”  สีฟ้า ปลายบาน', 'ENPI-PV-005', '0', '14', 'ตัว', 3, '<p>You did not select a file to upload.</p>', '', '[\"31\"]', '[\"12\"]', '[\"13\"]', 3, 1),
(342, 'ท่อ PVC 1*1/2” สีฟ้า ปลายบาน', 'ENPI-PV-007', '0', '13', 'ตัว', 3, '<p>You did not select a file to upload.</p>', '', '[\"31\"]', '[\"12\"]', '[\"13\"]', 3, 1),
(343, 'ท่อ PVC 1*1/4” สีฟ้า ปลายบาน', 'ENPI-PV-006', '0', '7', 'ตัว', 3, '<p>You did not select a file to upload.</p>', '', '[\"31\"]', '[\"12\"]', '[\"13\"]', 3, 1),
(344, 'ท่อ PVC 3” สีฟ้า ปลายบาน', 'ENPI-PV-010', '0', '3', 'ตัว', 3, '<p>You did not select a file to upload.</p>', '', '[\"31\"]', '[\"12\"]', '[\"13\"]', 3, 1),
(345, 'ท่อ PVC 2*1/2” สีฟ้า ปลายบาน', 'ENPI-PV-009', '0', '3', 'ตัว', 3, '<p>You did not select a file to upload.</p>', '', '[\"31\"]', '[\"12\"]', '[\"13\"]', 3, 1),
(346, 'ข้อต่อสามทางลด กาวาไนท์ 1” เป็น 3/4” เกลียวใน', 'ENJO-KA-038', '0', '2', 'ตัว', 3, '<p>You did not select a file to upload.</p>', '', '[\"29\"]', '[\"8\"]', '[\"4\"]', 3, 1),
(347, 'ข้อต่อสามทางลด กาวาไนท์ 1*1/4” เป็น 1/2” เกลียวใน', 'ENJO-KA-210', '0', '1', 'ตัว', 3, '<p>You did not select a file to upload.</p>', '', '[\"29\"]', '[\"8\"]', '[\"4\"]', 3, 1),
(348, 'ข้อต่อสามทางลด กาวาไนท์ 2” เป็น 1/2” เกลียวใน', 'ENJO-KA-209', '0', '1', 'ตัว', 3, '<p>You did not select a file to upload.</p>', '', '[\"29\"]', '[\"8\"]', '[\"4\"]', 3, 1),
(349, 'ข้อต่อสามทางลด กาวาไนท์ 2” เป็น 1” เกลียวใน', 'ENJO-KA-053', '0', '1', 'ตัว', 3, '<p>You did not select a file to upload.</p>', '', '[\"29\"]', '[\"8\"]', '[\"4\"]', 3, 1),
(350, 'ข้อต่อสามทางลด กาวาไนท์ 2*1/2” เป็น 1” เกลียวใน', 'ENJO-KA-039', '0', '2', 'ตัว', 3, '<p>You did not select a file to upload.</p>', '', '[\"29\"]', '[\"8\"]', '[\"4\"]', 3, 1),
(351, 'ข้อลดเหลี่ยม กาวาไนท์ 2*1/2” เป็น 1”', 'ENJO-KA-040', '0', '2', 'ตัว', 3, '<p>You did not select a file to upload.</p>', '', '[\"29\"]', '[\"16\"]', '[\"4\"]', 3, 1),
(352, 'ข้อลดกลม กาวาไนท์ 1*1/2” เป็น 1*1/4”', 'ENJO-KA-037', '0', '2', 'ตัว', 3, '<p>You did not select a file to upload.</p>', '', '[\"29\"]', '[\"15\"]', '[\"4\"]', 3, 1),
(353, 'ข้อลดกลม กาวาไนท์ 1” เป็น 3/4”', 'ENJO-KA-036', '0', '2', 'ตัว', 3, '<p>You did not select a file to upload.</p>', '', '[\"29\"]', '[\"15\"]', '[\"4\"]', 3, 1),
(354, 'ข้อลดกลม กาวาไนท์ 3” เป็น 2”', 'ENJO-KA-014', '0', '1', 'ตัว', 3, '<p>You did not select a file to upload.</p>', '', '[\"29\"]', '[\"15\"]', '[\"4\"]', 3, 1),
(355, 'ข้อลดกลม กาวาไนท์ 1*1/2” เป็น 1”', 'ENJO-KA-214', '0', '7', 'ตัว', 2, '<p>You did not select a file to upload.</p>', '', '[\"29\"]', '[\"15\"]', '[\"4\"]', 3, 1),
(356, 'ข้อลดกลม กาวาไนท์ 2*1/2” เป็น 1 “', 'ENJO-KA-040', '0', '3', 'ตัว', 3, '<p>You did not select a file to upload.</p>', '', '[\"29\"]', '[\"15\"]', '[\"4\"]', 3, 1),
(357, 'ท่อสั้นยาว 10 cm 1/2”', 'ENJO-IR-008', '0', '24', 'ตัว', 4, '<p>You did not select a file to upload.</p>', '', '[\"29\"]', '[\"23\"]', '[\"5\"]', 3, 1),
(358, 'ท่อสั้นยาว 10 cm 3/4”', 'ENJO-IR-009', '0', '8', 'ตัว', 3, '<p>You did not select a file to upload.</p>', '', '[\"29\"]', '[\"23\"]', '[\"5\"]', 3, 1),
(359, 'ท่อสั้นยาว 10 cm 1”', 'ENJO-IR-010', '0', '29', 'ตัว', 3, 'assets/images/product_image/64e30d7583e49.jpg', '', '[\"29\"]', '[\"23\"]', '[\"5\"]', 3, 1),
(360, 'ท่อสั้นยาว 20 cm 1/2”', 'ENJO-IR-005', '0', '17', 'ตัว', 3, '<p>You did not select a file to upload.</p>', '', '[\"29\"]', '[\"23\"]', '[\"5\"]', 3, 1),
(361, 'ท่อสั้นยาว 20 cm 3/4”', 'ENJO-IR-006', '0', '6', 'ตัว', 2, '<p>You did not select a file to upload.</p>', '', '[\"29\"]', '[\"23\"]', '[\"5\"]', 3, 1),
(362, 'ท่อสั้นยาว 20 cm 1”', 'ENJO-IR-007', '0', '22', 'ตัว', 3, '<p>You did not select a file to upload.</p>', '', '[\"29\"]', '[\"23\"]', '[\"5\"]', 3, 1),
(363, 'นิปเปิ้ล สตีม 1\\2”', 'ENJO-ST-011', '0', '57', 'ตัว', 3, '<p>You did not select a file to upload.</p>', '', '[\"29\"]', '[\"4\"]', '[\"5\"]', 3, 1),
(364, 'นิปเปิ้ล สตีม 3/4”', 'ENJO-ST-013', '0', '47', 'ตัว', 3, '<p>You did not select a file to upload.</p>', '', '[\"29\"]', '[\"4\"]', '[\"5\"]', 3, 1),
(365, 'นิปเปิ้ล สตีม 1”', 'ENJO-ST-012', '0', '54', 'ตัว', 3, 'assets/images/product_image/64e30e0152959.jpg', '', '[\"29\"]', '[\"4\"]', '[\"5\"]', 3, 1),
(366, 'ยูเนี่ยน สตีม 1/2”', 'ENJO-ST-015', '0', '16', 'ตัว', 3, '<p>You did not select a file to upload.</p>', '', '[\"29\"]', '[\"7\"]', '[\"5\"]', 3, 1),
(367, 'ยูเนี่ยน สตีม 3/4”', 'ENJO-ST-016', '0', '8', 'ตัว', 3, '<p>You did not select a file to upload.</p>', '', '[\"29\"]', '[\"7\"]', '[\"5\"]', 3, 1),
(368, 'ยูเนี่ยน สตีม 1”', 'ENJO-ST-014', '0', '19', 'ตัว', 2, '<p>You did not select a file to upload.</p>', '', '[\"29\"]', '[\"7\"]', '[\"5\"]', 3, 1),
(369, 'สามทาง สตีม 1/2” เกลียวใน', 'ENJO-IR-009', '0', '11', 'ตัว', 3, '<p>You did not select a file to upload.</p>', '', '[\"29\"]', '[\"8\"]', '[\"5\"]', 3, 1),
(370, 'สามทาง สตีม 3/4” เกลียวใน', 'ENJO-ST-010', '0', '13', 'ตัว', 3, '<p>You did not select a file to upload.</p>', '', '[\"29\"]', '[\"8\"]', '[\"5\"]', 3, 1),
(371, 'สามทาง สตีม 1” เกลียวใน', 'ENJO-ST-008', '0', '16', 'ตัว', 3, 'assets/images/product_image/64e3125a34211.jpg', '', '[\"29\"]', '[\"8\"]', '[\"5\"]', 3, 1),
(372, 'ข้องอ สตีม 90 องศา 1/2” เกลียวใน', 'ENJO-ST-019', '0', '12', 'ตัว', 3, '<p>You did not select a file to upload.</p>', '', '[\"29\"]', '[\"6\"]', '[\"5\"]', 3, 1),
(373, 'ข้องอ สตีม 90 องศา 3/4” เกลียวใน', 'ENJO-ST-018', '0', '20', 'ตัว', 3, '<p>You did not select a file to upload.</p>', '', '[\"29\"]', '[\"6\"]', '[\"5\"]', 3, 1),
(374, 'ข้องอ สตีม 90 องศา 1” เกลียวใน', 'ENJO-ST-017', '0', '34', 'ตัว', 3, 'assets/images/product_image/64e312095e424.jpg', '', '[\"29\"]', '[\"6\"]', '[\"5\"]', 3, 1),
(375, 'ท่อร้อยสายไฟลูกฟุก PVC 1”', 'ENET-WI-008', '0', '1', 'ม้วน', 1, '<p>You did not select a file to upload.</p>', '', '[\"29\"]', '[\"12\"]', '[\"10\"]', 3, 1),
(376, 'สีน้ำมันเคลือบเงา สีครีม G-164', 'ENCT-PA-017', '550', '2', 'ถัง', 1, '<p>You did not select a file to upload.</p>', '', '[\"29\"]', '[\"10\"]', '[\"12\"]', 3, 1),
(377, 'ฝารองนั่งชักโครก Kassa รุ่น C792', 'ENCT-OT-021', '0', '5', 'ชุด', 1, '<p>You did not select a file to upload.</p>', '', '[\"30\"]', '[\"14\"]', '[\"12\"]', 3, 1),
(378, 'สายลม PE สีขาวขุ่น ขนาด 6 mm', 'ENSP-PN-053', '0', '1', 'ม้วน', 1, 'assets/images/product_image/64ad1a04add74.jpg', '', '[\"30\"]', '[\"23\"]', '[\"14\"]', 3, 1),
(379, 'สายลม PE สีขาวขุ่น ขนาด 8 mm', 'ENSP-PN-052', '0', '1', 'ม้วน', 1, 'assets/images/product_image/64ad19eeb1d0c.jpg', '', '[\"30\"]', '[\"23\"]', '[\"14\"]', 3, 1),
(380, 'สายลม PE สีขาวขุ่น ขนาด 10 mm', 'ENSP-PN-054', '0', '1', 'ม้วน', 1, 'assets/images/product_image/64ad180708b73.jpg', '', '[\"30\"]', '[\"23\"]', '[\"14\"]', 3, 1),
(381, 'สายลม PE สีขาวขุ่น ขนาด 12 mm', 'ENSP-PN-066', '0', '1', 'ม้วน', 1, 'assets/images/product_image/64ad17ee10b16.jpg', '', '[\"30\"]', '[\"23\"]', '[\"14\"]', 3, 1),
(382, 'ถุงลมเครื่องคั้น', 'ENSP-PD-020', '9504', '0', 'ใบ', 4, '<p>You did not select a file to upload.</p>', '', '[\"30\"]', '[\"14\"]', '[\"14\"]', 3, 1),
(383, 'ก๊อกน้ำอ่างล้างมือ 1/2”', 'ENVA-BR-009', '120', '3', 'ตัว', 2, '<p>You did not select a file to upload.</p>', '', '[\"30\"]', '[\"24\"]', '[\"15\"]', 3, 1),
(384, 'ก๊อกน้ำตัวเจคอยาวเกลียว 1/2”', 'ENVA-OT-002', '235', '5', 'ตัว', 1, '<p>You did not select a file to upload.</p>', '', '[\"30\"]', '[\"24\"]', '[\"15\"]', 3, 1),
(385, 'ก๊อกน้ำสนาม ขนาด 3/4”(6หุน) Sanwa', 'ENVA-BR-003', '160', '8', 'ตัว', 1, 'assets/images/product_image/652e54b7e2d35.jpg', '', '[\"30\"]', '[\"24\"]', '[\"15\"]', 3, 1),
(386, 'ก๊อกน้ำสนามขนาด 1/2”', 'ENVA-BR-002', '130', '20', 'ตัว', 1, '<p>You did not select a file to upload.</p>', '', '[\"30\"]', '[\"24\"]', '[\"15\"]', 3, 1),
(388, 'ก๊อกน้ำสนามขนาด 1”', 'ENVA-BR-007', '210', '10', 'ตัว', 1, '<p>You did not select a file to upload.</p>', '', '[\"30\"]', '[\"24\"]', '[\"15\"]', 3, 1),
(389, 'มินิบอลวาล์ว 3 ทางขนาด 1/2”', 'ENVA-BR-015', '105', '0', 'ตัว', 1, '<p>You did not select a file to upload.</p>', '', '[\"30\"]', '[\"24\"]', '[\"15\"]', 3, 1),
(390, 'มินิบอลวาล์ว 1/2” เกลียวนอก 2 ด้าน', 'ENVA-SL-014', '75', '4', 'ตัว', 1, '<p>You did not select a file to upload.</p>', '', '[\"30\"]', '[\"24\"]', '[\"14\"]', 3, 1),
(391, 'บอลวาล์วสแตนเลส 1/4”', 'ENVA-SL-007', '0', '19', 'ตัว', 1, 'assets/images/product_image/64b25d4aa9c4c.jpg', '', '[\"30\"]', '[\"26\"]', '[\"6\"]', 3, 1),
(392, 'บอลวาล์วสแตนเลส 1/2”', 'ENVA-SL-006', '0', '9', 'ตัว', 2, 'assets/images/product_image/64b25bc4c72b5.jpg', '', '[\"30\"]', '[\"26\"]', '[\"6\"]', 3, 1),
(393, 'โกล์บวาล์ว ทองเหลือง 1.1/2”', 'ENVA-GB-005', 'O', '3', 'ตัว', 1, '<p>You did not select a file to upload.</p>', '', '[\"30\"]', '[\"25\"]', '[\"16\"]', 3, 1),
(394, 'บอลวาล์วสแตนเลส 3/8”', 'ENVA-SL-008', '0', '13', 'ตัว', 1, '<p>You did not select a file to upload.</p>', '', '[\"30\"]', '[\"26\"]', '[\"6\"]', 3, 1),
(395, 'บอลวาล์วสแตนเลส 3/4”', 'ENVA-SL-009', '0', '5', 'ตัว', 2, 'assets/images/product_image/64b25e26e3e2e.jpg', '', '[\"30\"]', '[\"26\"]', '[\"6\"]', 3, 1),
(396, 'บอลวาล์วสแตนเลส 1.1/2”', 'ENVA-SL-011', '0', '5', 'ตัว', 1, 'assets/images/product_image/64b25a4b82ba3.jpg', '', '[\"30\"]', '[\"26\"]', '[\"5\"]', 3, 1),
(397, 'บอลวาล์วสแตนเลส 1”', 'ENVA-SL-010', '0', '6', 'ตัว', 1, 'assets/images/product_image/64b25e5b46b0a.jpg', '', '[\"30\"]', '[\"26\"]', '[\"6\"]', 3, 1),
(398, 'บัตเตอร์ฟลายวาล์ว ฟลายเฟอรูล ขนาด 101.6 mm', 'ENVA-SL-004', '0', '1', 'ตัว', 1, 'assets/images/product_image/64afa6966e2bb.jpg', '', '[\"30\"]', '[\"27\"]', '[\"6\"]', 3, 1),
(399, 'บอลวาล์วสแตนเลส 2” แบบประกอบ 3 ชิ้น', 'ENVA-SL-013', '0', '1', 'ตัว', 1, '<p>You did not select a file to upload.</p>', '', '[\"30\"]', '[\"27\"]', '[\"6\"]', 3, 1),
(400, 'บอลวาล์วสแตนเลส 2”', 'ENVA-SL-012', '0', '5', 'ตัว', 1, '<p>You did not select a file to upload.</p>', '', '[\"30\"]', '[\"26\"]', '[\"6\"]', 3, 1),
(402, 'บัตเตอรฟลายวาล์ว ปลายเฟอรูล ขนาด 51 mm', 'ENVA-SL-003', '0', '3', 'ตัว', 1, 'assets/images/product_image/64afa5e27a887.jpg', '', '[\"30\"]', '[\"27\"]', '[\"6\"]', 3, 1),
(403, 'โกล์บวาล์วทองเหลือง ขนาด 1”', 'ENVA-BR-034', '0', '10', 'ตัว', 2, '<p>You did not select a file to upload.</p>', '', '[\"30\"]', '[\"25\"]', '[\"16\"]', 3, 1),
(404, 'บอลวาล์วทองเหลือง ขนาด 1/2”', 'ENVA-BR-026', '0', '6', 'ตัว', 1, 'assets/images/product_image/64b257d03100a.jpg', '', '[\"30\"]', '[\"26\"]', '[\"16\"]', 3, 1),
(405, 'บอลวาล์วทองเหลือง 1.1/4”', 'ENVA-BR-027', '0', '1', 'ตัว', 1, '<p>You did not select a file to upload.</p>', '', '[\"30\"]', '[\"26\"]', '[\"16\"]', 3, 1),
(406, 'บอลวาล์วทองเหลือง 1”', 'ENVA-BR-025', '0', '5', 'ตัว', 2, '<p>You did not select a file to upload.</p>', '', '[\"30\"]', '[\"26\"]', '[\"16\"]', 3, 1),
(407, 'บอลวาล์วทองเหลือง 2” ก้านแดง', 'ENVA-BR-035', '0', '3', 'ตัว', 1, 'assets/images/product_image/64b25ac9c6ca2.jpg', '', '[\"30\"]', '[\"26\"]', '[\"16\"]', 3, 1),
(408, 'บอลวาล์วทองเหลือง ขนาด 1.1/2”', 'ENVA-BR-010', '0', '3', 'ตัว', 1, 'assets/images/product_image/64b25efd726d2.jpg', '', '[\"30\"]', '[\"26\"]', '[\"16\"]', 3, 1),
(409, 'โกล์บวาล์วทองเหลือง ขนาด 2”', 'ENVA-BR-024', '0', '0', 'ตัว', 1, '<p>You did not select a file to upload.</p>', '', '[\"30\"]', '[\"25\"]', '[\"16\"]', 3, 1),
(410, 'บอลวาล์วทองเหลือง ขนาด 2.1/2”', 'ENVA-BR-012', '0', '3', 'ตัว', 1, 'assets/images/product_image/64b25f4b2ef56.jpg', '', '[\"30\"]', '[\"26\"]', '[\"16\"]', 3, 1),
(411, 'ซิลิโคน (ใส)', 'ENTO-CS-038', '0', '15', 'หลอด', 10, 'assets/images/product_image/64ad030325602.jpg', '', '[\"30\"]', '[\"10\"]', '[\"18\"]', 3, 1),
(412, 'ซิลิโคน อะคริลิก สีขาว', 'ENTO-CS-013', '45', '8', 'หลอด', 2, 'assets/images/product_image/64ad02ec56adf.jpg', '', '[\"30\"]', '[\"10\"]', '[\"19\"]', 3, 1),
(413, 'โกล์บวาล์ว สตีม 3/4”', 'ENVA-GB-013', '0', '3', 'ตัว', 1, '<p>You did not select a file to upload.</p>', '', '[\"30\"]', '[\"25\"]', '[\"5\"]', 3, 1),
(414, 'น้ำยาล็อคเกลียว', 'ENSP-OL-026', '260', '1', 'หลอด', 1, 'assets/images/product_image/64ad02c403ac6.jpg', '', '[\"30\"]', '[\"14\"]', '[\"19\"]', 3, 1),
(415, 'Weld-on Primer สำหรับท่อ UPVC #P-717', 'ENPI-UP-003', '0', '1', 'กระปุก', 1, '<p>You did not select a file to upload.</p>', '', '[\"30\"]', '[\"10\"]', '[\"15\"]', 3, 1),
(416, 'Weld-On Primer สำหรับท่อ UPCC', 'ENPI-UP-002', '0', '2', 'กระปุก', 1, '<p>You did not select a file to upload.</p>', '', '[\"30\"]', '[\"10\"]', '[\"15\"]', 3, 1),
(417, 'กาว Permatex', 'ENPI-UP-005', '0', '1', 'กระปุก', 1, 'assets/images/product_image/64ad043d9b6c0.jpg', '', '[\"30\"]', '[\"10\"]', '[\"15\"]', 3, 1),
(418, 'กาวประสานท่อ PVC 1000g ตราช้าง', 'ENPI-PV-002', '0', '5', 'กระป๋อง', 2, 'assets/images/product_image/64ad04ec4f1c1.jpg', '', '[\"30\"]', '[\"28\"]', '[\"15\"]', 3, 1),
(419, 'ชุดน้ำเข้าชักโครก(ลูกลอย)', 'ENCT-OT-050', '0', '2', 'ชุด', 1, '<p>You did not select a file to upload.</p>', '', '[\"30\"]', '[\"14\"]', '[\"15\"]', 3, 1),
(420, 'กาวร้อน', 'ENTO-CS-028', '25', '0', 'หลอด', 2, 'assets/images/product_image/64ad06d7a9440.jpg', '', '[\"30\"]', '[\"28\"]', '[\"19\"]', 3, 1),
(421, 'กาวทายางหุ้มท่อ Aeroseal', 'ENTO-CS-075', '0', '1', 'กระปุก', 1, 'assets/images/product_image/64ad076d32763.jpg', '', '[\"30\"]', '[\"28\"]', '[\"15\"]', 3, 1),
(422, 'ENPI-RB-011', 'ENPI-RB-011', '55', '4', 'เส้น', 2, 'assets/images/product_image/64ad089143b6c.jpg', '', '[\"30\"]', '[\"14\"]', '[\"15\"]', 3, 1),
(423, 'ไส้ปืนกาว กาวแท่งร้อน', 'ENTO-CS-078', '320', '2', 'ถุง', 1, 'assets/images/product_image/64ad096a5b81a.jpg', '', '[\"30\"]', '[\"28\"]', '[\"19\"]', 3, 1),
(424, 'กาว Epox-son(Bison)', 'ENTO-CS-040', '0', '1', 'ตัว', 1, 'assets/images/product_image/64ad0a655bbf0.jpg', '', '[\"30\"]', '[\"28\"]', '[\"15\"]', 3, 1),
(425, 'กาว 3M 1099 Nitrile', 'ENTO-CS-033', '0', '7', 'หลอด', 2, 'assets/images/product_image/64ad0b61c9ed0.jpg', '', '[\"30\"]', '[\"28\"]', '[\"18\"]', 3, 1),
(426, 'กาว Threebond 1104 NEO', 'ENTO-CS-032', '150', '8', 'หลอด', 2, 'assets/images/product_image/64ad0c50052c1.jpg', '', '[\"30\"]', '[\"28\"]', '[\"18\"]', 3, 1),
(427, 'เทปอลูมิเนียม 2 นิ้ว', 'ENTO-CS-085', '0', '8', 'ม้วน', 2, 'assets/images/product_image/64ad0d5859171.jpg', '', '[\"30\"]', '[\"28\"]', '[\"19\"]', 3, 1),
(428, 'เทปกาวบิวทิว', 'ENTO-CS-091', '0', '5', 'ม้วน', 2, 'assets/images/product_image/64ad1acbebe31.jpg', '', '[\"30\"]', '[\"28\"]', '[\"20\"]', 3, 1),
(429, 'ท่อน้ำอ่างล้างหน้า 7”x12” DUSS', 'ENCT-OT-029', '0', '4', 'ชุด', 1, 'assets/images/product_image/64ad1bd918cc6.jpg', '', '[\"30\"]', '[\"14\"]', '[\"21\"]', 3, 1),
(430, 'สายถักน้ำดีสแตนเลส ขนาด 5/8”x1/2” ยาว 16”', 'ENPI-RB-018', '0', '9', 'เส้น', 2, 'assets/images/product_image/64ad1d0eb8536.jpg', '', '[\"30\"]', '[\"14\"]', '[\"21\"]', 3, 1),
(431, 'สะดืออ่างล้างหน้ารุ่นดึงล็อค', 'ENCT-OT-134', '235', '4', 'ตัว', 1, 'assets/images/product_image/64ad1d95bc63e.jpg', '', '[\"30\"]', '[\"24\"]', '[\"21\"]', 3, 1),
(432, 'สายน้ำดีถักสแตนเลส 1/2”x1/2” ยาว 24 “', 'ENPI-RB-010', '70', '2', 'เส้น', 2, 'assets/images/product_image/64ad1eccbc18f.jpg', '', '[\"30\"]', '[\"14\"]', '[\"21\"]', 3, 1),
(433, 'หัวฉีดน้ำสายชำระ', 'ENPI-RB-019', '55', '6', 'ตัว', 2, 'assets/images/product_image/64ad1f75e5510.jpg', '', '[\"30\"]', '[\"14\"]', '[\"21\"]', 3, 1),
(434, 'ฝักบัวชำระพร้อมสาย', 'ENPI-RB-013', '160', '0', 'เส้น', 2, 'assets/images/product_image/64ad201672106.jpg', '', '[\"30\"]', '[\"14\"]', '[\"21\"]', 3, 1),
(435, 'สะดื้อเข้าซิงค์ K432', 'ENCT-OT-079', '350', '2', 'ชุด', 1, 'assets/images/product_image/64ad21a006feb.jpg', '', '[\"30\"]', '[\"14\"]', '[\"21\"]', 3, 1),
(436, 'สายลม PVC 1”x50m สายลมฐานคั้น', 'ENSP-PN-017', '9000', '0', 'ม้วน', 1, 'assets/images/product_image/64ad2246f3fa1.jpg', '', '[\"30\"]', '[\"23\"]', '[\"14\"]', 3, 1),
(437, 'สายยางสปริง (TFB-50) ขนาด 50x62 mm', 'ENPI-RB-015', '0', '1', 'ม้วน', 1, 'assets/images/product_image/64ad232886a5c.jpg', '', '[\"30\"]', '[\"29\"]', '[\"18\"]', 3, 1),
(438, 'สายยางสปริง (TFS-100) ขนาด 100x118 mm', 'ENPI-RB-004', '0', '1', 'ม้วน', 1, '<p>You did not select a file to upload.</p>', '', '[\"30\"]', '[\"29\"]', '[\"18\"]', 3, 1),
(439, 'สายยางสปริง (TFS-38) ขนาด 38x48 mm', 'ENPI-RB-003', '0', '2', 'ม้วน', 1, 'assets/images/product_image/64ad24ad740ca.jpg', '', '[\"30\"]', '[\"29\"]', '[\"18\"]', 3, 1),
(440, 'สายยางสปริง (TFS-25) ขนาด 25x33 mm', 'ENPI-RB-002', '0', '0', 'ม้วน', 1, '<p>You did not select a file to upload.</p>', '', '[\"30\"]', '[\"29\"]', '[\"18\"]', 3, 1),
(441, 'บอลวาล์วทองเหลือง 3/4', 'ENVA-BR-010', '0', '10', '2', 0, 'assets/images/product_image/64b259bb518ee.jpg', '', '[\"30\"]', '[\"26\"]', '[\"16\"]', 3, 1),
(442, 'แคล๊มเฟอร์รูนสแตนเลส 38 mm', 'ENJO-SL-195', '120', '42', 'ตัว', 5, 'assets/images/product_image/64afa267caa98.jpg', '', '[\"29\"]', '[\"9\"]', '[\"6\"]', 3, 1),
(443, 'แคล๊มเฟอร์รูนสแตนเลส 51 mm', 'ENJO-SL-144', '150', '12', 'ตัว', 5, 'assets/images/product_image/64afa382e7eb9.jpg', '', '[\"29\"]', '[\"9\"]', '[\"6\"]', 3, 1),
(444, 'บัตเตอรฟลายวาล์ว ปลายเฟอรูล ขนาด 38 mm', 'ENVA-SL-005', '0', '2', 'ตัว', 2, 'assets/images/product_image/64afa66cd57c1.jpg', '', '[\"30\"]', '[\"27\"]', '[\"6\"]', 3, 1),
(445, 'ท่อสตีม 1/2”', 'ENPI-ST-005', '0', '2', 'เส้น', 1, '<p>You did not select a file to upload.</p>', '', '[\"31\"]', '[\"12\"]', '[\"5\"]', 3, 1),
(446, 'ท่อกาวาไนท์ 1/2”', 'ENPI-KA-001', '0', '5', 'เส้น', 2, 'assets/images/product_image/64b10baf626ad.jpg', '', '[\"31\"]', '[\"12\"]', '[\"4\"]', 3, 1),
(447, 'สแตนเลสเส้น 2 หุน', 'ENST-SL-015', '0', '0', 'เส้น', 1, 'assets/images/product_image/64b10c08814c7.jpg', '', '[\"31\"]', '[\"30\"]', '[\"6\"]', 3, 1),
(448, 'เหล็กเส้น 3 หุน', 'ENST-IR-011', '0', '0', 'เส้น', 1, 'assets/images/product_image/64b10c615cf40.jpg', '', '[\"31\"]', '[\"30\"]', '[\"22\"]', 3, 1),
(449, 'เหล็กแบน ขนาด 2 นิ้ว หนา 6 mm', 'ENST-IR-024', '0', '1', 'เส้น', 1, 'assets/images/product_image/64b10cf3815c1.jpg', '', '[\"31\"]', '[\"30\"]', '[\"22\"]', 3, 1),
(450, 'เหล็กแบน ขนาด 1 นิ้ว หนา 3 mm', 'ENST-IR-029', '0', '1', 'เส้น', 1, 'assets/images/product_image/64b10e1964f40.jpg', '', '[\"31\"]', '[\"30\"]', '[\"22\"]', 3, 1),
(451, 'สแตนเลสแบน ขนาด 1 นิ้ว หนา 3 mm', 'ENST-SL-013', '0', '1', 'เส้น', 1, 'assets/images/product_image/64b10e6c6e22d.jpg', '', '[\"31\"]', '[\"30\"]', '[\"6\"]', 3, 1),
(452, 'คิ้วปูกระเบื้อง', 'ENCT-OT-080', '0', '10', 'ชุด', 2, 'assets/images/product_image/64b10ebcbe428.jpg', '', '[\"31\"]', '[\"30\"]', '[\"19\"]', 3, 1),
(453, 'ท่อสตีม 3/4 นิ้ว', 'ENPI-ST-006', '0', '8', 'เส้น', 2, 'assets/images/product_image/64b10f237bb0d.jpg', '', '[\"31\"]', '[\"12\"]', '[\"5\"]', 3, 1),
(454, 'ท่อสตีม 1 นิ้ว', 'ENPI-ST-003', '0', '20', 'เส้น', 2, 'assets/images/product_image/64b10f63022ea.jpg', '', '[\"31\"]', '[\"12\"]', '[\"5\"]', 3, 1),
(455, 'ท่อสตีม 1•1/2 นิ้ว', 'ENPI-ST-007', '0', '1', 'เส้น', 1, 'assets/images/product_image/64b10fb2b343b.jpg', '', '[\"31\"]', '[\"12\"]', '[\"5\"]', 3, 1),
(456, 'ท่อสตีม 2 นิ้ว', 'ENPI-ST-001', '0', '3', 'เส้น', 1, 'assets/images/product_image/64b10fed5bb2e.jpg', '', '[\"31\"]', '[\"12\"]', '[\"5\"]', 3, 1),
(457, 'ท่อสตีม 3 นิ้ว', 'ENPI-ST-002', '0', '1', 'เส้น', 1, 'assets/images/product_image/64b110235a07a.jpg', '', '[\"31\"]', '[\"12\"]', '[\"5\"]', 3, 1),
(458, 'ท่อสตีม 4 นิ้ว', 'ENPI-ST-009', '0', '1', 'เส้น', 1, 'assets/images/product_image/64b11057d1063.jpg', '', '[\"31\"]', '[\"12\"]', '[\"5\"]', 3, 1),
(459, 'ท่อกาวาไนท์ 3/4 นิ้ว', 'ENPI-KA-003', '0', '2', 'เส้น', 2, 'assets/images/product_image/64b110bcbbfa5.jpg', '', '[\"31\"]', '[\"12\"]', '[\"4\"]', 3, 1),
(460, 'ท่อกาวาไนท์ 1 นิ้ว', 'ENPI-KA-002', '0', '5', 'เส้น', 2, 'assets/images/product_image/64b1110bca4bd.jpg', '', '[\"31\"]', '[\"12\"]', '[\"4\"]', 3, 1),
(461, 'ท่อกาวาไนท์ 2 นิ้ว', 'ENPI-KA-008', '0', '1', 'เส้น', 1, 'assets/images/product_image/64b111465a7ad.jpg', '', '[\"31\"]', '[\"12\"]', '[\"4\"]', 3, 1),
(462, 'ท่อกาวาไนท์ 2•1/2 นิ้ว', 'ENPI-KA-005', '0', '1', 'เส้น', 1, 'assets/images/product_image/64b1118f7fb85.jpg', '', '[\"31\"]', '[\"12\"]', '[\"4\"]', 3, 1),
(463, 'ท่อกาวาไนท์ 4 นิ้ว', 'ENPI-KA-006', '0', '2', 'เส้น', 1, 'assets/images/product_image/64b111e210842.jpg', '', '[\"31\"]', '[\"12\"]', '[\"4\"]', 3, 1),
(464, 'ท่อสแตนเลส 304 3/4 นิ้ว', 'ENPI-SL-008', '0', '3', 'เส้น', 1, 'assets/images/product_image/64b11266759d4.jpg', '', '[\"31\"]', '[\"12\"]', '[\"6\"]', 3, 1),
(465, 'ท่อสแตนเลส 304 1 นิ้ว', 'ENPI-SL-006', '0', '5', 'เส้น', 2, 'assets/images/product_image/64b112a1f3c1d.jpg', '', '[\"31\"]', '[\"12\"]', '[\"6\"]', 3, 1),
(466, 'ท่อสแตนเลส 304 1•1/4 นิ้ว', 'ENPI-SL-026', '0', '1', 'เส้น', 1, 'assets/images/product_image/64b112e3da5a1.jpg', '', '[\"31\"]', '[\"12\"]', '[\"6\"]', 3, 1),
(467, 'ท่อสแตนเลส 304 1*1/2 นิ้ว', 'ENPI-SL-013', '0', '8', 'เส้น', 2, 'assets/images/product_image/64b113568d4bd.jpg', '', '[\"31\"]', '[\"12\"]', '[\"6\"]', 3, 1),
(468, 'ท่อสแตนเลส 304 2 นิ้ว', 'ENPI-SL-004', '0', '3', 'เส้น', 1, 'assets/images/product_image/64b113a916cfc.jpg', '', '[\"31\"]', '[\"12\"]', '[\"6\"]', 3, 1),
(469, 'เหล็กรางยู 5 นิ้ว', 'ENST-IR-031', '0', '1', 'เส้น', 1, 'assets/images/product_image/64b113fb65b40.jpg', '', '[\"31\"]', '[\"31\"]', '[\"22\"]', 3, 1),
(470, 'ท่อไซฟ่อนสแตนเลส 1/4 นิ้ว', 'ENPI-SL-016', '0', '11', 'ตัว', 1, 'assets/images/product_image/64b4e22341202.jpg', '', '[\"29\"]', '[\"12\"]', '[\"6\"]', 3, 1),
(471, 'ท่อไซฟ่อนสแตนเลส 3/8 นิ้ว', 'ENPI-SL-017', '0', '7', 'ตัว', 1, 'assets/images/product_image/64b4e331e583b.jpg', '', '[\"29\"]', '[\"12\"]', '[\"6\"]', 3, 1),
(472, 'ท่อสั้นปลายเกลียวสแตนเลส ขนาด 1/2 นิ้ว ยาว 10 cm', 'ENJO-SL-093', '0', '13', 'เส้น', 5, 'assets/images/product_image/64b4e4b9dc496.jpg', '', '[\"29\"]', '[\"33\"]', '[\"6\"]', 3, 1),
(473, 'ท่อสั้นปลายเกลียวสแตนเลส ขนาด 3/4 นิ้ว ยาว 10 cm', 'ENJO-SL-075', '0', '12', 'ท่อน', 5, 'assets/images/product_image/64b4e6bfe5850.jpg', '', '[\"29\"]', '[\"33\"]', '[\"6\"]', 3, 1),
(474, 'ท่อสั้นปลายเกลียวสแตนเลส ขนาด 1 นิ้ว ยาว 10 cm', 'ENJO-SL-074', '0', '20', 'ท่อน', 5, 'assets/images/product_image/64b4e804717ce.jpg', '', '[\"29\"]', '[\"33\"]', '[\"6\"]', 3, 1),
(475, 'ท่อสั้นปลายเกลียวสแตนเลส ขนาด 1 นิ้ว ยาว 20cm', 'ENJO-SL-092', '0', '17', 'ท่อน', 2, 'assets/images/product_image/64b4e8aca8589.jpg', '', '[\"29\"]', '[\"33\"]', '[\"6\"]', 3, 1),
(476, 'ท่อสั้นปลายเกลียวสแตนเลส ขนาด 3/4นิ้ว ยาว 20cm', 'ENJO-SL-012', '0', '8', 'ท่อน', 2, 'assets/images/product_image/64b4e944a99d4.jpg', '', '[\"29\"]', '[\"33\"]', '[\"6\"]', 3, 1),
(477, 'ท่อสั้นปลายเกลียวสแตนเลส ขนาด 1/2 นิ้ว ยาว 20cm', 'ENJO-SL-092', '0', '14', 'ท่อน', 2, 'assets/images/product_image/64b4e99ce899b.jpg', '', '[\"29\"]', '[\"33\"]', '[\"6\"]', 3, 1),
(478, 'ท่อสแตนเลส 304 1/2 นิ้ว', 'ENPI-SL-003', '0', '6', 'เส้น', 2, 'assets/images/product_image/64b78f76ca630.jpg', '', '[\"31\"]', '[\"12\"]', '[\"6\"]', 3, 1),
(479, 'ท่อสแตนเลส 316 19 mm', 'ENPI-SL-015', '0', '2', 'เส้น', 1, 'assets/images/product_image/64b78fe1b8958.jpg', '', '[\"31\"]', '[\"12\"]', '[\"6\"]', 3, 1),
(480, 'ท่อสแตนเลส 316 25 mm', 'ENPI-SL-009', 'O', '2', 'เส้น', 2, 'assets/images/product_image/64b7901bf415f.jpg', '', '[\"31\"]', '[\"12\"]', '[\"6\"]', 3, 1),
(481, 'ท่อสแตนเลส 316 38 mm', 'ENPI-SL-001', '0', '3', 'เส้น', 2, 'assets/images/product_image/64b7905b08587.jpg', '', '[\"31\"]', '[\"12\"]', '[\"6\"]', 3, 1),
(482, 'ท่อสแตนเลส 316 51 mm', 'ENPI-SL-002', '0', '11', 'เส้น', 2, 'assets/images/product_image/64b790af007e7.jpg', '', '[\"31\"]', '[\"12\"]', '[\"6\"]', 3, 1),
(483, 'เหล็กรางยู 4 นิ้ว', 'ENST-IR-017', '0', '0', 'เส้น', 1, 'assets/images/product_image/64b7911c349c9.jpg', '', '[\"31\"]', '[\"31\"]', '[\"22\"]', 3, 1),
(484, 'ฉากสแตนเลส 1 นิ้ว', 'ENST-SL-012', '0', '3', 'เส้น', 2, 'assets/images/product_image/64b791870005c.jpg', '', '[\"31\"]', '[\"35\"]', '[\"6\"]', 3, 1),
(485, 'ฉากสแตนเลส 1*1/2 นิ้ว', 'ENST-SL-010', '0', '2', 'เส้น', 1, 'assets/images/product_image/64b791fe62a24.jpg', '', '[\"31\"]', '[\"34\"]', '[\"6\"]', 3, 1),
(486, 'สแตนเลสกล่อง 1 นิ้ว', 'ENST-SL-007', '0', '2', 'เส้น', 1, 'assets/images/product_image/64b79263e274f.jpg', '', '[\"31\"]', '[\"36\"]', '[\"6\"]', 3, 1),
(487, 'สแตนเลสกล่อง 1*1/2 นิ้ว', 'ENST-SL-006', '0', '6', 'เส้น', 1, 'assets/images/product_image/64b792fa80e1c.jpg', '', '[\"31\"]', '[\"36\"]', '[\"6\"]', 3, 1),
(488, 'สแตนเลสกล่อง 2 นิ้ว', 'ENST-SL-022', '0', '1', 'เส้น', 1, 'assets/images/product_image/64b7933f2d806.jpg', '', '[\"31\"]', '[\"36\"]', '[\"6\"]', 3, 1),
(489, 'เหล็กรางยู 3 นิ้ว', 'ENST-IR-013', '0', '1', 'เส้น', 1, 'assets/images/product_image/64b793c372710.jpg', '', '[\"31\"]', '[\"31\"]', '[\"22\"]', 3, 1),
(490, 'เหล็กฉาก 1 นิ้ว', 'ENST-IR-004', '0', '1', 'เส้น', 1, 'assets/images/product_image/64b7941c85c19.jpg', '', '[\"31\"]', '[\"34\"]', '[\"22\"]', 3, 1),
(491, 'เหล็กฉาก 1*1/2 นิ้ว', 'ENST-IR-005', '0', '0', 'เส้น', 2, 'assets/images/product_image/64b79e53799db.jpg', '', '[\"31\"]', '[\"34\"]', '[\"22\"]', 3, 1),
(492, 'เหล็กฉาก 2 นิ้ว', 'ENST-IR-001', '0', '3', 'เส้น', 1, 'assets/images/product_image/64b79e9766f42.jpg', '', '[\"31\"]', '[\"34\"]', '[\"22\"]', 3, 1),
(493, 'รางซี 3 นิ้ว', 'ENST-IR-014', '0', '0', 'เส้น', 0, 'assets/images/product_image/64b79efc8d746.jpg', '', '[\"31\"]', '[\"32\"]', '[\"22\"]', 3, 1),
(494, 'รางซี 4 นิ้ว', 'ENST-IR-006', '0', '0', 'เส้น', 1, 'assets/images/product_image/64b79f409cf2c.jpg', '', '[\"31\"]', '[\"32\"]', '[\"22\"]', 3, 1),
(495, 'รางซี 6 นิ้ว', 'ENST-IR-045', '0', '1', 'เส้น', 1, 'assets/images/product_image/64b79fa7d93db.jpg', '', '[\"31\"]', '[\"32\"]', '[\"22\"]', 3, 1),
(496, 'เหล็กกล่อง 1*1 นิ้ว', 'ENST-IR-010', '0', '1', 'เส้น', 1, 'assets/images/product_image/64b7a031580ff.jpg', '', '[\"31\"]', '[\"36\"]', '[\"22\"]', 3, 1),
(497, 'เหล็กกล่อง 1*1/2 * 1*1/2 นิ้ว', 'ENST-IR-038', '0', '1', 'เส้น', 1, 'assets/images/product_image/64b7a08ee6bd1.jpg', '', '[\"31\"]', '[\"36\"]', '[\"22\"]', 3, 1),
(498, 'เหล็กกล่อง 2*2 นิ้ว', 'ENST-IR-008', '0', '0', 'เส้น', 1, 'assets/images/product_image/64b7a0dd6a0d9.jpg', '', '[\"31\"]', '[\"36\"]', '[\"22\"]', 3, 1),
(499, 'เหล็กกล่อง 4*2 นิ้ว', 'ENST-IR-003', '0', '0', 'เส้น', 1, '<p>You did not select a file to upload.</p>', '', '[\"31\"]', '[\"36\"]', '[\"22\"]', 3, 1),
(500, 'เหล็กกล่อง 4*4 นิ้ว', 'ENST-IR-016', '0', '1', 'เส้น', 1, '<p>You did not select a file to upload.</p>', '', '[\"31\"]', '[\"36\"]', '[\"22\"]', 3, 1),
(501, 'สายพาน 3 ร่อง 5V800', 'ENSP-TM-016', '0', '7', 'เส้น', 3, 'assets/images/product_image/64cc7bea695fa.jpg', '', '[\"30\"]', '[\"37\"]', '[\"18\"]', 3, 1),
(502, 'สายพาน SKF PHG SPZ2187', 'ENSP-TM-006', '0', '4', 'เส้น', 1, '<p>You did not select a file to upload.</p>', '', '[\"30\"]', '[\"37\"]', '[\"18\"]', 3, 1),
(503, 'สายพาน PJ-864', 'ENSP-TM-073', '0', '1', 'เส้น', 1, '<p>You did not select a file to upload.</p>', '', '[\"30\"]', '[\"37\"]', '[\"18\"]', 3, 1),
(504, 'สายพาน RECMF 8480', 'ENSP-TM-127', '0', '3', 'เส้น', 2, '<p>You did not select a file to upload.</p>', '', '[\"30\"]', '[\"37\"]', '[\"18\"]', 3, 1),
(505, 'สายพาน 1030 V220', 'ENSP-TM-061', '0', '3', 'เส้น', 1, '<p>You did not select a file to upload.</p>', '', '[\"30\"]', '[\"37\"]', '[\"18\"]', 3, 1),
(506, 'สายพาน 5V 750 ปั๊มโมโรมิ', 'ENSP-TM-107', '0', '6', 'เส้น', 2, '<p>You did not select a file to upload.</p>', '', '[\"30\"]', '[\"37\"]', '[\"18\"]', 3, 1),
(507, 'สายพาน M-28', 'ENSP-TM-060', '0', '4', 'เส้น', 1, '<p>You did not select a file to upload.</p>', '', '[\"30\"]', '[\"37\"]', '[\"18\"]', 3, 1),
(508, 'สายพาน 914 J6', 'ENSP-TM-074', '0', '4', 'เส้น', 2, '<p>You did not select a file to upload.</p>', '', '[\"30\"]', '[\"37\"]', '[\"18\"]', 3, 1),
(509, 'สายพาน SPA 850 ปั๊มห้องผสมซอส', 'ENSP-TM-126', '0', '10', 'เส้น', 2, 'assets/images/product_image/64cdc880e2ade.jpg', '', '[\"30\"]', '[\"37\"]', '[\"18\"]', 3, 1),
(510, 'สายพาน Pr752#81947', 'ENSP-TM-094', '0', '1', 'เส้น', 1, '<p>You did not select a file to upload.</p>', '', '[\"30\"]', '[\"37\"]', '[\"18\"]', 3, 1),
(511, 'สายพาน 5V 710 ปั๊มโมโรมิ', 'ENSP-TM-093', '0', '5', 'เส้น', 2, '<p>You did not select a file to upload.</p>', '', '[\"30\"]', '[\"37\"]', '[\"18\"]', 3, 1),
(512, 'สายพาน B-177 เครื่องบีบน้ำมัน', 'ENSP-TM-019', '0', '17', 'เส้น', 2, '<p>You did not select a file to upload.</p>', '', '[\"30\"]', '[\"37\"]', '[\"18\"]', 3, 1),
(513, 'สายพาน B-176', 'ENSP-TM-083', '0', '1', 'เส้น', 1, '<p>You did not select a file to upload.</p>', '', '[\"30\"]', '[\"37\"]', '[\"18\"]', 3, 1),
(514, 'สายพาน B-169 โบเวอร์ห้องโคจิ', 'ENSP-TM-014', '0', '5', 'เส้น', 2, '<p>You did not select a file to upload.</p>', '', '[\"30\"]', '[\"37\"]', '[\"18\"]', 3, 1),
(515, 'สายพาน B-124', 'ENSP-TM-084', '0', '3', 'เส้น', 2, '<p>You did not select a file to upload.</p>', '', '[\"30\"]', '[\"37\"]', '[\"18\"]', 3, 1),
(516, 'สายพาน B-122 Blower ห้องแปดเหลี่ยม B2', 'ENSP-TM-119', '0', '6', 'เส้น', 2, '<p>You did not select a file to upload.</p>', '', '[\"30\"]', '[\"37\"]', '[\"18\"]', 3, 1),
(517, 'สายพาน B-120', 'ENSP-TM-085', '0', '4', 'เส้น', 2, '<p>You did not select a file to upload.</p>', '', '[\"30\"]', '[\"37\"]', '[\"18\"]', 3, 1),
(518, 'ท่อกาวาไนท์ 1•1/2 นิ้ว', 'ENPI-KA-004', '0', '2', 'เส้น', 1, 'assets/images/product_image/64d317eb0bf8e.jpg', '', '[\"31\"]', '[\"12\"]', '[\"4\"]', 3, 1),
(519, 'สายพาน B-119', 'ENSP-TM-034', '0', '15', 'เส้น', 3, 'assets/images/product_image/64d9ce63b79dc.jpg', '', '[\"30\"]', '[\"37\"]', '[\"18\"]', 3, 1),
(520, 'สายพาน B-112', 'ENSP-TM-065', '0', '2', 'เส้น', 2, 'assets/images/product_image/64d9ceed4b54f.jpg', '', '[\"30\"]', '[\"37\"]', '[\"18\"]', 3, 1),
(521, 'สายพาน B-109', 'ENSP-TM-035', '0', '3', 'เส้น', 2, 'assets/images/product_image/64d9d05c06869.jpg', '', '[\"30\"]', '[\"37\"]', '[\"18\"]', 3, 1),
(522, 'สายพาน B-108', 'ENSP-TM-044', '0', '3', 'เส้น', 2, 'assets/images/product_image/64d9d0f22b0ed.jpg', '', '[\"30\"]', '[\"37\"]', '[\"18\"]', 3, 1),
(523, 'สายพาน B-107', 'ENSP-TM-071', '0', '6', 'เส้น', 2, 'assets/images/product_image/64d9d2adbd2e7.jpg', '', '[\"30\"]', '[\"37\"]', '[\"18\"]', 3, 1),
(524, 'สายพาน B-100', 'ENSP-TM-012', '0', '4', 'เส้น', 2, 'assets/images/product_image/64d9d5cfc1983.jpg', '', '[\"30\"]', '[\"37\"]', '[\"18\"]', 3, 1),
(525, 'สายพาน B-97', 'ENSP-TM-082', '0', '5', 'เส้น', 2, 'assets/images/product_image/64d9d6576c1a8.jpg', '', '[\"30\"]', '[\"37\"]', '[\"18\"]', 3, 1),
(526, 'สายพาน B-90', 'ENSP-TM-086', '0', '3', 'เส้น', 1, 'assets/images/product_image/64d9d6d151d1c.jpg', '', '[\"30\"]', '[\"37\"]', '[\"18\"]', 3, 1),
(527, 'สายพาน B-87', 'ENSP-TM-087', '0', '2', 'เส้น', 2, 'assets/images/product_image/64d9d7417d9c3.jpg', '', '[\"30\"]', '[\"37\"]', '[\"18\"]', 3, 1),
(528, 'สายพาน B-86', 'ENSP-TM-087', '0', '4', 'เส้น', 2, 'assets/images/product_image/64d9d81575ced.jpg', '', '[\"30\"]', '[\"37\"]', '[\"18\"]', 3, 1),
(529, 'สายพาน B-77', 'ENSP-TM-089', '0', '1', 'เส้น', 1, 'assets/images/product_image/64d9d8c3f1364.jpg', '', '[\"30\"]', '[\"37\"]', '[\"18\"]', 3, 1),
(530, 'สายพาน B-72', 'ENSP-TM-090', '0', '3', 'เส้น', 1, 'assets/images/product_image/64d9d949c8025.jpg', '', '[\"30\"]', '[\"37\"]', '[\"18\"]', 3, 1),
(531, 'สายพาน B-71', 'ENSP-TM-091', '0', '7', 'เส้น', 2, 'assets/images/product_image/64d9da1d57b61.jpg', '', '[\"30\"]', '[\"37\"]', '[\"18\"]', 3, 1),
(532, 'สายพาน B-65', 'ENSP-TM-092', '0', '4', 'เส้น', 2, 'assets/images/product_image/64d9dabedcdb4.jpg', '', '[\"30\"]', '[\"37\"]', '[\"18\"]', 3, 1),
(533, 'สายพาน B-61', 'ENSP-TM-101', '0', '5', 'เส้น', 2, 'assets/images/product_image/64d9db3565c33.jpg', '', '[\"30\"]', '[\"37\"]', '[\"18\"]', 3, 1),
(534, 'สายพาน B-59', 'ENSP-TM-078', '0', '8', 'เส้น', 2, 'assets/images/product_image/64d9dbc76e5c9.jpg', '', '[\"30\"]', '[\"37\"]', '[\"18\"]', 3, 1),
(535, 'สายพาน B-56', 'ENSP-TM-110', '0', '3', 'เส้น', 1, 'assets/images/product_image/64d9dc11bb407.jpg', '', '[\"30\"]', '[\"37\"]', '[\"18\"]', 3, 1),
(536, 'สายพาน B-53', 'ENSP-TM-039', '0', '6', 'เส้น', 2, 'assets/images/product_image/64d9e20ae2e6a.jpg', '', '[\"30\"]', '[\"37\"]', '[\"18\"]', 3, 1),
(537, 'สายพาน B-52', 'ENSP-TM-031', '0', '8', 'เส้น', 2, 'assets/images/product_image/64d9e256b69fc.jpg', '', '[\"30\"]', '[\"37\"]', '[\"18\"]', 3, 1),
(538, 'สายพาน B-50', 'ENSP-TM-022', '0', '12', 'เส้น', 2, 'assets/images/product_image/64d9e2dcb5ff5.jpg', '', '[\"30\"]', '[\"37\"]', '[\"18\"]', 3, 1),
(539, 'สายพาน B-49', 'ENSP-TM-102', '0', '4', 'เส้น', 2, 'assets/images/product_image/64d9e333d5274.jpg', '', '[\"30\"]', '[\"37\"]', '[\"18\"]', 3, 1),
(540, 'สายพาน B-48', 'ENSP-TM-081', '0', '7', 'เส้น', 2, 'assets/images/product_image/64d9e3952f700.jpg', '', '[\"30\"]', '[\"37\"]', '[\"18\"]', 3, 1),
(541, 'สายพาน B-44', 'ENSP-TM-043', '0', '10', 'เส้น', 2, 'assets/images/product_image/64d9e420268f6.jpg', '', '[\"30\"]', '[\"37\"]', '[\"18\"]', 3, 1),
(542, 'สายพาน B-42', 'ENSP-TM-080', '0', '6', 'เส้น', 2, 'assets/images/product_image/64d9e47d507a1.jpg', '', '[\"30\"]', '[\"37\"]', '[\"18\"]', 3, 1),
(543, 'สายพาน B-41', 'ENSP-TM-020', '0', '9', 'เส้น', 3, 'assets/images/product_image/64d9e55a65060.jpg', '', '[\"30\"]', '[\"37\"]', '[\"18\"]', 3, 1),
(544, 'สายพาน B-38', 'ENSP-TM-077', '0', '9', 'เส้น', 3, 'assets/images/product_image/64d9e5bc4d8bb.jpg', '', '[\"30\"]', '[\"37\"]', '[\"18\"]', 3, 1),
(545, 'สายพาน B-37', 'ENSP-TM-109', '0', '2', 'เส้น', 2, 'assets/images/product_image/64d9e6335d2d7.jpg', '', '[\"30\"]', '[\"37\"]', '[\"18\"]', 3, 1),
(546, 'สายพาน B-35', 'ENSP-TM-046', '0', '7', 'เส้น', 2, 'assets/images/product_image/64d9e762d86ca.jpg', '', '[\"30\"]', '[\"37\"]', '[\"18\"]', 3, 1),
(547, 'สายพาน B-30', 'ENSP-TM-002', '0', '6', 'เส้น', 2, 'assets/images/product_image/64d9e817dc12a.jpg', '', '[\"30\"]', '[\"37\"]', '[\"18\"]', 3, 1),
(548, 'สายพาน B-28', 'ENSP-TM-079', '0', '11', 'เส้น', 2, 'assets/images/product_image/64d9e8823258b.jpg', '', '[\"30\"]', '[\"37\"]', '[\"18\"]', 3, 1),
(549, 'สายพาน B-27', 'ENSP-TM-062', '0', '1', 'เส้น', 1, 'assets/images/product_image/64d9e8d5c389f.jpg', '', '[\"30\"]', '[\"37\"]', '[\"18\"]', 3, 1),
(550, 'สายพาน A-65', 'ENSP-TM-076', '0', '6', 'เส้น', 2, 'assets/images/product_image/64d9ea3a0c507.jpg', '', '[\"30\"]', '[\"37\"]', '[\"18\"]', 3, 1),
(551, 'สายพาน A-60', 'ENSP-TM-069', '0', '5', 'เส้น', 2, 'assets/images/product_image/64d9ea8c19bb9.jpg', '', '[\"30\"]', '[\"37\"]', '[\"18\"]', 3, 1),
(552, 'สายพาน A-52', 'ENSP-TM-080', '0', '9', 'เส้น', 3, 'assets/images/product_image/64d9eada95a07.jpg', '', '[\"30\"]', '[\"37\"]', '[\"18\"]', 3, 1),
(553, 'สายพาน A-49', 'ENSP-TM-075', '0', '5', 'เส้น', 2, 'assets/images/product_image/64d9eb47625e8.jpg', '', '[\"30\"]', '[\"37\"]', '[\"18\"]', 3, 1),
(554, 'สายพาน A-44', 'ENSP-TM-066', '0', '2', 'เส้น', 2, 'assets/images/product_image/64d9ebc1e40cd.jpg', '', '[\"30\"]', '[\"37\"]', '[\"18\"]', 3, 1),
(555, 'สายพาน A-41', 'ENSP-TM-058', '0', '4', 'เส้น', 2, 'assets/images/product_image/64d9ec3a19fd9.jpg', '', '[\"30\"]', '[\"37\"]', '[\"18\"]', 3, 1),
(556, 'สายพาน A-39', 'ENSP-TM-032', '0', '9', 'เส้น', 3, 'assets/images/product_image/64dc784d86ba0.jpg', '', '[\"30\"]', '[\"37\"]', '[\"18\"]', 3, 1),
(557, 'สายพาน A-31', 'ENSP-TM-063', '0', '2', 'เส้น', 1, 'assets/images/product_image/64dc789e773c7.jpg', '', '[\"30\"]', '[\"37\"]', '[\"18\"]', 3, 1),
(558, 'สายพาน A-30', 'ENSP-TM-072', '0', '12', 'เส้น', 3, 'assets/images/product_image/64dc790353d2c.jpg', '', '[\"30\"]', '[\"37\"]', '[\"18\"]', 3, 1),
(559, 'สายพาน A-24', 'ENSP-TM-011', '0', '4', 'เส้น', 2, 'assets/images/product_image/64dc7990ad320.jpg', '', '[\"30\"]', '[\"37\"]', '[\"18\"]', 3, 1),
(560, 'สายพาน A-18', 'ENSP-TM-010', '0', '6', 'เส้น', 2, 'assets/images/product_image/64dc7a09a5eb9.jpg', '', '[\"30\"]', '[\"37\"]', '[\"18\"]', 3, 1),
(561, 'สายพาน B-95', 'ENSP-TM-000', '0', '10', 'เส้น', 2, '<p>You did not select a file to upload.</p>', '', '[\"30\"]', '[\"37\"]', '[\"18\"]', 3, 1),
(562, 'หลอดไฟ LED T8 ยี่ห้อ BEC รุ่น Spirit 18W D/L', 'ENET-LI-025', '0', '68', 'หลอด', 5, 'assets/images/product_image/64dc7dc2b5a70.jpg', '', '[\"30\"]', '[\"38\"]', '[\"10\"]', 3, 1),
(563, 'หลอดนีออน 18W DayLight', 'ENET-LI-001', '0', '88', 'หลอด', 5, 'assets/images/product_image/64dc7ec6373b5.jpg', '', '[\"30\"]', '[\"38\"]', '[\"10\"]', 3, 1),
(564, 'หลอดไฟดักแมลงยี่ห้อ Toshiba FL 18W Blacklight', 'ENET-LI-012', '0', '13', 'หลอด', 5, 'assets/images/product_image/64dc7f8560058.jpg', '', '[\"30\"]', '[\"38\"]', '[\"10\"]', 3, 1),
(565, 'โคมไฟกันน้ำ 2x40W', 'ENET-LI-020', '0', '1', 'โคม', 1, 'assets/images/product_image/64dc801884a8f.jpg', '', '[\"30\"]', '[\"38\"]', '[\"10\"]', 3, 1),
(566, 'โคมไฟกันน้ำ 1x36W', 'ENET-LI-021', '0', '0', 'โคม', 1, 'assets/images/product_image/64dc82d199f72.jpg', '', '[\"30\"]', '[\"38\"]', '[\"10\"]', 3, 1),
(567, 'แค้มรัด 1/2 - 3/4 นิ้ว', 'ENSP-NS-046', '0', '23', 'ตัว', 5, 'assets/images/product_image/64dd9c0240476.jpg', '', '[\"30\"]', '[\"39\"]', '[\"6\"]', 3, 1),
(568, 'แค้มรัด 3/4 - 1 นิ้ว', 'ENSP-NS-126', '0', '9', 'ตัว', 5, 'assets/images/product_image/64dd9d2e666e6.jpg', '', '[\"30\"]', '[\"39\"]', '[\"6\"]', 3, 1),
(569, 'แค้มรัด 1 - 1*3/8 นิ้ว', 'ENSP-NS-021', '0', '10', 'ตัว', 5, 'assets/images/product_image/64dd9df308cc1.jpg', '', '[\"30\"]', '[\"39\"]', '[\"6\"]', 3, 1),
(570, 'แค้มรัด 1*1/2 นิ้ว', 'ENSP-NS-048', '0', '14', 'ตัว', 5, 'assets/images/product_image/64dd9ed789690.jpg', '', '[\"30\"]', '[\"39\"]', '[\"6\"]', 3, 1),
(571, 'แค้มรัด 1*3/8 - 2 นิ้ว', 'ENSP-NS-038', '0', '0', 'ตัว', 2, 'assets/images/product_image/64dd9fddc7282.jpg', '', '[\"30\"]', '[\"39\"]', '[\"6\"]', 3, 1),
(572, 'แค้มรัด 2 - 2*3/4 นิ้ว', 'ENSP-NS-108', '0', '0', 'ตัว', 1, 'assets/images/product_image/64dda03fd60cf.jpg', '', '[\"30\"]', '[\"39\"]', '[\"6\"]', 3, 1),
(573, 'แค้มรัด 2*3/8 - 3*1/8 นิ้ว', 'ENSP-NS-051', '0', '0', 'ตัว', 1, 'assets/images/product_image/64dda0b6c0ff1.jpg', '', '[\"30\"]', '[\"39\"]', '[\"6\"]', 3, 1),
(574, 'แค้มรัด 4 - 5 นิ้ว', 'ENSP-NS-061', '0', '3', 'ตัว', 1, 'assets/images/product_image/64dda12774739.jpg', '', '[\"30\"]', '[\"39\"]', '[\"6\"]', 3, 1),
(575, 'แค้มรัด 5*7/8 - 7*1/8 นิ้ว', 'ENSP-NS-154', '0', '0', 'ตัว', 1, '<p>You did not select a file to upload.</p>', '', '[\"30\"]', '[\"39\"]', '[\"6\"]', 3, 1),
(576, 'เทปพันเกลียว', 'ENPI-OT-006', '0', '57', 'ม้วน', 20, 'assets/images/product_image/64dda326568dd.jpg', '', '[\"30\"]', '[\"40\"]', '[\"15\"]', 3, 1),
(577, 'แผ่นเจียรทราย หลังแข็ง', 'ENTO-CS-004', '0', '58', 'ใบ', 10, 'assets/images/product_image/64dde5b52ad02.jpg', '', '[\"30\"]', '[\"42\"]', '[\"12\"]', 3, 1),
(578, 'ใบเจียรหนา', 'ENTO-CS-035', '0', '12', 'ใบ', 5, 'assets/images/product_image/64dde6775f418.jpg', '', '[\"30\"]', '[\"42\"]', '[\"12\"]', 3, 1),
(579, 'ใบเจียรบาง', 'ENTO-CS-007', '0', '41', 'ใบ', 10, 'assets/images/product_image/64dde72090a6a.jpg', '', '[\"30\"]', '[\"42\"]', '[\"12\"]', 3, 1),
(580, 'ใบตัดบาง 4 นิ้ว หนา 1 mm', 'ENTO-CS-003', '0', '215', 'ใบ', 50, 'assets/images/product_image/64dde82e53022.jpg', '', '[\"30\"]', '[\"41\"]', '[\"12\"]', 3, 1),
(581, 'สามทาง สตีม 1', 'ENJO-ST-047', '0', '14', 'ตัว', 2, 'assets/images/product_image/64e30ef3c4a6e.jpg', '', '[\"29\"]', '[\"8\"]', '[\"5\"]', 3, 1),
(582, 'ลวดเชื่อมสแตนเลส 308 L 2.0 mm (5kg)', 'ENTO-CS-045', '0', '1', 'กล่อง', 1, 'assets/images/product_image/64e58f95d6abd.jpg', '', '[\"29\"]', '[\"43\"]', '[\"12\"]', 3, 1),
(583, 'ลวดเชื่อมสแตนเลส 2.6 mm', 'ENTO-CS-041', '0', '1', 'กล่อง', 1, 'assets/images/product_image/64e5909eb0ff6.jpg', '', '[\"29\"]', '[\"43\"]', '[\"12\"]', 3, 1),
(584, 'ลวดเชื่อมเหล็ก RB26 - 2.6 mm', 'ENTO-CS-012', '0', '26', 'กล่อง', 7, 'assets/images/product_image/64e591c671e30.jpg', '', '[\"29\"]', '[\"43\"]', '[\"12\"]', 3, 1),
(585, 'ลวดเชื่อมเหล็ก RB26-3.2', 'ENTO-CS-011', '0', '0', 'กล่อง', 2, 'assets/images/product_image/64e5a7bbbb4ee.jpg', '', '[\"29\"]', '[\"43\"]', '[\"12\"]', 3, 1),
(586, 'ลวดเชื่อมเหล็กหล่อ YAWTTA 2.6 mm', 'ENTO-CS-088', '0', '2', 'กล่อง', 1, 'assets/images/product_image/64e5a8ec6dbd5.jpg', '', '[\"29\"]', '[\"43\"]', '[\"12\"]', 3, 1),
(587, 'ลวดเชื่อมเหล็กหล่อ YAWTTA 3.2 mm', 'ENTO-CS-089', '0', '4', 'กล่อง', 1, 'assets/images/product_image/64e5a9984a530.jpg', '', '[\"29\"]', '[\"43\"]', '[\"12\"]', 3, 1),
(588, 'ลวดเชื่อม KOVET (ทังสเตนท์) 2.4 mm', 'ENTO-CS-094', '0', '13', 'เส้น', 5, 'assets/images/product_image/64e5aa8a3b385.jpg', '', '[\"29\"]', '[\"43\"]', '[\"12\"]', 3, 1),
(589, 'บานพับประตูสแตนเลสขนาด 2 นิ้ว', 'ENCT-OT-017', '0', '1', 'ตัว', 1, 'assets/images/product_image/64e5ab1d824e1.jpg', '', '[\"29\"]', '[\"14\"]', '[\"6\"]', 3, 1),
(590, 'บานพับประตูสแตนเลสขนาด 1 นิ้ว', 'ENCT-OT-068', '0', '9', 'บาน', 2, 'assets/images/product_image/64e5abb949398.jpg', '', '[\"29\"]', '[\"14\"]', '[\"6\"]', 3, 1),
(591, 'บานพับประตูสแตนเลสขนาด 3 x 2 นิ้ว', 'ENCT-OT-066', '0', '0', 'ตัว', 1, 'assets/images/product_image/64e5ae17b9df6.jpg', '', '[\"29\"]', '[\"14\"]', '[\"6\"]', 3, 1),
(592, 'บานพับประตูเหล็กขนาด 3 นิ้ว', 'ENCT-OT-053', '0', '0', 'ตัว', 1, 'assets/images/product_image/64e5af9412b1e.jpg', '', '[\"29\"]', '[\"14\"]', '[\"22\"]', 3, 1),
(593, 'สายยู 3 ตอน สำหรับแม่กุญแจ', 'ENCT-OT-105', '0', '1', 'ตัว', 1, 'assets/images/product_image/64e5b05e36f80.jpg', '', '[\"29\"]', '[\"14\"]', '[\"6\"]', 3, 1),
(594, 'กลอนสับสแตนเลสขนาด 4 นิ้ว', 'ENCT-OT-075', '0', '2', 'ตัว', 1, 'assets/images/product_image/64e5b10d60152.jpg', '', '[\"29\"]', '[\"14\"]', '[\"6\"]', 3, 1),
(595, 'ลูกบิดประตู SOLO แบบมีลูกกุญแจ', 'ENCT-OT-048', '0', '2', 'ตัว', 1, 'assets/images/product_image/64e5c7b2e78b2.jpg', '', '[\"29\"]', '[\"14\"]', '[\"12\"]', 3, 1),
(596, 'ตลับลูกปืน YAR 204-2F', 'ENSP-BE-096', '0', '10', 'ตลับ', 2, 'assets/images/product_image/64ed9bd096aa3.jpg', '', '[\"29\"]', '[\"43\"]', '[\"19\"]', 3, 1),
(597, 'ตลับลูกปืน YAR 204-012-2F', 'ENSP-BE-095', '0', '10', 'ตลับ', 2, 'assets/images/product_image/64ed9ce43d0af.jpg', '', '[\"29\"]', '[\"44\"]', '[\"19\"]', 3, 1),
(598, 'ตลับลูกปืน YAR 205-2F', 'ENSP-BE-036', '0', '7', 'ตลับ', 2, 'assets/images/product_image/64ed9d5dc042c.jpg', '', '[\"29\"]', '[\"44\"]', '[\"19\"]', 3, 1),
(599, 'ตลับลูกปืน YAR 205-100-2F', 'ENSP-BE-077', '0', '10', 'ตลับ', 2, 'assets/images/product_image/64ed9dec42c39.jpg', '', '[\"29\"]', '[\"44\"]', '[\"19\"]', 3, 1),
(600, 'ตลับลูกปืน YAR 206-2F', 'ENSP-BE-103', '0', '10', 'ตลับ', 2, 'assets/images/product_image/64ed9e6234b32.jpg', '', '[\"29\"]', '[\"44\"]', '[\"19\"]', 3, 1),
(601, 'ตลับลูกปืน YAR 206-104-2F', 'ENSP-BE-104', '0', '10', 'ตลับ', 2, 'assets/images/product_image/64ed9f2a73cd3.jpg', '', '[\"29\"]', '[\"44\"]', '[\"19\"]', 3, 1),
(602, 'ตลับลูกปืน YAR 207-2F', 'ENSP-BE-105', '0', '10', 'ตลับ', 2, 'assets/images/product_image/64ed9fe0d39bd.jpg', '', '[\"29\"]', '[\"44\"]', '[\"19\"]', 3, 1),
(603, 'ตลับลูกปืน YAR 207-104-2F', 'ENSP-BE-101', '0', '6', 'ตลับ', 2, 'assets/images/product_image/64eda09349fc0.jpg', '', '[\"29\"]', '[\"44\"]', '[\"19\"]', 3, 1),
(604, 'ตลับลูกปืน YAR 208-2F', 'ENSP-BE-106', '0', '4', 'ตลับ', 2, 'assets/images/product_image/64eda13adf235.jpg', '', '[\"29\"]', '[\"44\"]', '[\"19\"]', 3, 1),
(605, 'ตลับลูกปืน YAR 208-108-2F', 'ENSP-BE-100', '0', '4', 'ตลับ', 2, 'assets/images/product_image/64eda1fadf73b.jpg', '', '[\"29\"]', '[\"44\"]', '[\"19\"]', 3, 1),
(606, 'ตลับลูกปืน 210-2F', 'ENSP-BE-097', '0', '5', 'ตลับ', 2, 'assets/images/product_image/64eda2f3340f9.jpg', '', '[\"29\"]', '[\"44\"]', '[\"19\"]', 3, 1),
(607, 'ตลับลูกปืน YAR 51313', 'ENSP-BE-017', '0', '4', 'ตลับ', 2, 'assets/images/product_image/64eda3d71d060.jpg', '', '[\"29\"]', '[\"44\"]', '[\"19\"]', 3, 1),
(608, 'ตลับลูกปืน 51111', 'ENSP-BE-014', '0', '10', 'ตลับ', 2, 'assets/images/product_image/64eda46372b77.jpg', '', '[\"29\"]', '[\"44\"]', '[\"19\"]', 3, 1),
(609, 'ตลับลูกปืน 51107', 'ENSP-BE-075', '0', '10', 'ตลับ', 2, 'assets/images/product_image/64eda54077b8c.jpg', '', '[\"29\"]', '[\"44\"]', '[\"19\"]', 3, 1),
(610, 'ตลับลูกปืน 6411/C3', 'ENSP-BE-068', '0', '2', 'ตลับ', 2, 'assets/images/product_image/64eda698b649f.jpg', '', '[\"29\"]', '[\"44\"]', '[\"19\"]', 3, 1),
(611, 'ตลับลูกปืน 6001 2RSH/C3', 'ENSP-BE-027', '0', '19', 'ตลับ', 4, 'assets/images/product_image/64eda937b586c.jpg', '', '[\"29\"]', '[\"44\"]', '[\"19\"]', 3, 1),
(612, 'ตลับลูกปืน 6002 2RSH/C3', 'ENSP-BE-055', '0', '24', 'ตลับ', 4, 'assets/images/product_image/64eda9f7ddd8a.jpg', '', '[\"29\"]', '[\"44\"]', '[\"19\"]', 3, 1),
(613, 'ตลับลูกปืน 6003 2RSH/C3', 'ENSP-BE-045', '0', '14', 'ตลับ', 4, 'assets/images/product_image/64edab7d7ecf8.jpg', '', '[\"29\"]', '[\"44\"]', '[\"19\"]', 3, 1),
(614, 'ตลับลูกปืน 6005 2RSH', 'ENSP-BE-054', '0', '16', 'ตลับ', 4, 'assets/images/product_image/64edacf2d333d.jpg', '', '[\"29\"]', '[\"44\"]', '[\"19\"]', 3, 1),
(615, 'ตลับลูกปืน 6006 2RSH', 'ENSP-BE-094', '0', '6', 'ตลับ', 2, 'assets/images/product_image/64edad8387df3.jpg', '', '[\"29\"]', '[\"44\"]', '[\"19\"]', 3, 1),
(616, 'ตลับลูกปืน 6007 2RS1', 'ENSP-BE-051', '0', '5', 'ตลับ', 2, 'assets/images/product_image/64edae15eb52d.jpg', '', '[\"29\"]', '[\"44\"]', '[\"19\"]', 3, 1),
(617, 'ตลับลูกปืน 6201 2RSH/C3', 'ENSP-BE-076', '0', '20', 'ตลับ', 4, 'assets/images/product_image/64edaf4965be5.jpg', '', '[\"29\"]', '[\"44\"]', '[\"19\"]', 3, 1),
(618, 'ตลับลูกปืน 6202 2RSH/C3', 'ENSP-BE-025', '0', '22', 'ตลับ', 4, 'assets/images/product_image/64edb2ce9e99c.jpg', '', '[\"29\"]', '[\"44\"]', '[\"19\"]', 3, 1),
(619, 'ตลับลูกปืน 6203 2RSH/C3', 'ENSP-BE-059', '0', '11', 'หน่วย', 4, 'assets/images/product_image/64edb4b6d9845.jpg', '', '[\"29\"]', '[\"44\"]', '[\"19\"]', 3, 1),
(620, 'ตลับลูกปืน 6204 2RSH/C3', 'ENSP-BE-002', '0', '8', 'ตลับ', 4, 'assets/images/product_image/64edb5e2a57c7.jpg', '', '[\"29\"]', '[\"44\"]', '[\"19\"]', 3, 1),
(621, 'ตลับลูกปืน 6205 2RSH/C3', 'ENSP-BE-013', '0', '2', 'ตลับ', 2, 'assets/images/product_image/64edb67378e0b.jpg', '', '[\"29\"]', '[\"44\"]', '[\"19\"]', 3, 1),
(622, 'ตลับลูกปืน 6206 2RSH', 'ENSP-BE-012', '0', '9', 'ตลับ', 2, 'assets/images/product_image/64eea7e81dfc7.jpg', '', '[\"29\"]', '[\"44\"]', '[\"19\"]', 3, 1);
INSERT INTO `products` (`id`, `name`, `sku`, `price`, `qty`, `unit`, `minimum`, `image`, `description`, `attribute_value_id`, `brand_id`, `category_id`, `store_id`, `availability`) VALUES
(623, 'ตลับลูกปืน 6207', 'ENSP-BE-0000', '0', '5', 'ตลับ', 2, 'assets/images/product_image/64eea90174275.jpg', '', '[\"29\"]', '[\"44\"]', '[\"19\"]', 3, 1),
(624, 'ตลับลูกปืน 6210', 'ENSP-BE-0005', '0', '1', 'ตลับ', 1, 'assets/images/product_image/64eeaa01c5225.jpg', '', '[\"29\"]', '[\"44\"]', '[\"19\"]', 3, 1),
(625, 'ตลับลูกปืน 6208 2RSH', 'ENSP-BE-057', '0', '8', 'ตลับ', 2, 'assets/images/product_image/64eeaa8258500.jpg', '', '[\"29\"]', '[\"44\"]', '[\"19\"]', 3, 1),
(626, 'ตลับลูกปืน 6220 2RSH/C3', 'ENSP-BE-016', '0', '1', 'ตลับ', 1, 'assets/images/product_image/64eeb88707a1f.jpg', '', '[\"29\"]', '[\"44\"]', '[\"19\"]', 3, 1),
(627, 'ตลับลูกปืน 6303 2RSH/C3', 'ENSP-BE-022', '0', '11', 'ตลับ', 2, 'assets/images/product_image/64eeb96775855.jpg', '', '[\"29\"]', '[\"44\"]', '[\"19\"]', 3, 1),
(628, 'ตลับลูกปืน 6304 2RSH/C3', 'ENSP-BE-003', '0', '24', 'ตลับ', 4, 'assets/images/product_image/64eeba9fe697a.jpg', '', '[\"29\"]', '[\"44\"]', '[\"19\"]', 3, 1),
(629, 'ตลับลูกปืน 6305 2RSH/C3', 'ENSP-BE-042', '0', '21', 'ตลับ', 2, 'assets/images/product_image/64eebb697d99a.jpg', '', '[\"29\"]', '[\"44\"]', '[\"19\"]', 3, 1),
(630, 'ตลับลูกปืน 6306 2Z/C3', 'ENSP-BE-0006', '0', '13', 'ตลับ', 2, 'assets/images/product_image/64eebdb17fef1.jpg', '', '[\"29\"]', '[\"44\"]', '[\"19\"]', 3, 1),
(631, 'ตลับลูกปืน 6307 2Z', 'ENSP-BE-0008', '0', '1', 'ตลับ', 1, 'assets/images/product_image/64eebe205de24.jpg', '', '[\"29\"]', '[\"44\"]', '[\"19\"]', 3, 1),
(632, 'ตลับลูกปืน 6308 2RSH', 'ENSP-BE-058', '0', '8', 'ตลับ', 2, 'assets/images/product_image/64eec02969a88.jpg', '', '[\"29\"]', '[\"44\"]', '[\"19\"]', 3, 1),
(633, 'ตลับลูกปืน 6309 2RSH', 'ENSP-BE-021', '0', '3', 'ตลับ', 1, 'assets/images/product_image/64eec0e535671.jpg', '', '[\"29\"]', '[\"44\"]', '[\"19\"]', 3, 1),
(634, 'ตลับลูกปืน 6310 2RSH/C3', 'ENSP-BE-037', '0', '2', 'ตลับ', 1, 'assets/images/product_image/64eec1b2ef7f3.jpg', '', '[\"29\"]', '[\"44\"]', '[\"19\"]', 3, 1),
(635, 'ตลับลูกปืน 6311 2RSH/C3', 'ENSP-BE-015', '0', '2', 'ตลับ', 1, 'assets/images/product_image/64eec2811a1f0.jpg', '', '[\"29\"]', '[\"44\"]', '[\"19\"]', 3, 1),
(636, 'ตลับลูกปืน 6314', 'ENSP-BE-032', '0', '0', 'ตลับ', 1, 'assets/images/product_image/64eec41e85794.jpg', '', '[\"29\"]', '[\"44\"]', '[\"19\"]', 3, 1),
(637, 'สามทาง สแตนเลส 304 1/2 นิ้ว แบบเชื่อม', 'ENJO-SL-061', '0', '21', 'ตัว', 4, 'assets/images/product_image/64eef38e05442.jpg', '', '[\"29\"]', '[\"8\"]', '[\"6\"]', 3, 1),
(638, 'ข้อต่อ สามทาง สแตนเลส 1*1/4 นิ้ว เกลียวใน', 'ENJO-SL-196', '0', '10', 'ตัว', 1, '<p>You did not select a file to upload.</p>', '', '[\"29\"]', '[\"8\"]', '[\"6\"]', 3, 1),
(639, 'FERRULE 316L 38mm แบบปิดตาย', 'ENJO-SL-059', '0', '41', 'ตัว', 5, 'assets/images/product_image/64eefce3ef4df.jpg', '', '[\"29\"]', '[\"9\"]', '[\"6\"]', 3, 1),
(640, 'FERRULE 316L 51mm แบบปิดตาย', 'ENJO-SL-122', '0', '18', 'ตัว', 5, 'assets/images/product_image/64eefd84e74f7.jpg', '', '[\"29\"]', '[\"9\"]', '[\"6\"]', 3, 1),
(641, 'ไขปลาวาฬ (ขัดสแตนเลส) crystal blue', 'ENTO-CS-051', '0', '1', 'อัน', 1, 'assets/images/product_image/64eff88930acf.jpg', '', '[\"30\"]', '[\"14\"]', '[\"19\"]', 3, 1),
(642, 'กระจกหน้ากากเชื่อม เลนส์ทึบ', 'HR-PPE-102', '0', '11', 'ตัว', 0, 'assets/images/product_image/64effae7ea32a.jpg', '', '[\"30\"]', '[\"14\"]', '[\"23\"]', 3, 1),
(643, 'กระจกใส (ใส่หน้ากากแบบสวมหัว)', 'ENTO-CS-030', '0', '9', 'ตัว', 2, 'assets/images/product_image/64effb8cc30a4.jpg', '', '[\"30\"]', '[\"14\"]', '[\"23\"]', 3, 1),
(644, 'หินเจียรอมยิ้ม แกน 3 mm ทรงกระบอกขนาด 16*16 mm', 'ENTO-CS-042', '0', '4', 'อัน', 2, 'assets/images/product_image/64effca67db0b.jpg', '', '[\"30\"]', '[\"14\"]', '[\"12\"]', 3, 1),
(645, 'ดอกสว่าน 2.5 mm high speed', 'ENTO-CS-106', '0', '21', 'ดอก', 5, 'assets/images/product_image/64f0070bd5c09.jpg', '', '[\"30\"]', '[\"45\"]', '[\"12\"]', 3, 1),
(646, 'ดอกสว่าน 3.5 mm high speed', 'ENTO-CS-059', '0', '17', 'ดอก', 5, 'assets/images/product_image/64f007efa1fcd.jpg', '', '[\"30\"]', '[\"45\"]', '[\"12\"]', 3, 1),
(647, 'ดอกสว่าน 4.5 mm high speed', 'ENTO-CS-036', '0', '22', 'ดอก', 5, 'assets/images/product_image/64f010109cd80.jpg', '', '[\"30\"]', '[\"45\"]', '[\"12\"]', 3, 1),
(648, 'ดอกสว่าน 5 mm high speed', 'ENTO-CS-060', '0', '19', 'ดอก', 5, 'assets/images/product_image/64f0110409ac6.jpg', '', '[\"30\"]', '[\"45\"]', '[\"12\"]', 3, 1),
(649, 'ดอกสว่าน 7 mm high speed', 'ENTO-CS-061', '0', '10', 'ดอก', 2, 'assets/images/product_image/64f01192a5e46.jpg', '', '[\"30\"]', '[\"45\"]', '[\"12\"]', 3, 1),
(650, 'ดอกสว่าน 8 mm high speed', 'ENTO-CS-066', '0', '9', 'ดอก', 2, 'assets/images/product_image/64f0122bab437.jpg', '', '[\"30\"]', '[\"45\"]', '[\"12\"]', 3, 1),
(651, 'ดอกสว่าน 10 mm high speed', 'ENTO-CS-021', '0', '4', 'ดอก', 1, 'assets/images/product_image/64f012abb9e0f.jpg', '', '[\"30\"]', '[\"45\"]', '[\"12\"]', 3, 1),
(652, 'ดอกสว่าน 6 mm high speed', 'ENTO-CS-065', '0', '5', 'ดอก', 1, 'assets/images/product_image/64f0362f3337e.jpg', '', '[\"30\"]', '[\"45\"]', '[\"12\"]', 3, 1),
(653, 'ดอกสว่าน 2 mm high speed', 'ENTO-CS-058', '0', '7', 'ดอก', 2, 'assets/images/product_image/64f037cf545d2.jpg', '', '[\"30\"]', '[\"45\"]', '[\"12\"]', 3, 1),
(654, 'ดอกสว่าน 1 mm high speed', 'ENTO-CS-056', '0', '10', 'ดอก', 2, 'assets/images/product_image/64f03a1e6a7b1.jpg', '', '[\"30\"]', '[\"45\"]', '[\"12\"]', 3, 1),
(655, 'แก๊สกระป๋อง', 'ENTO-CS-049', '0', '1', 'กระป๋อง', 1, 'assets/images/product_image/65027caeb612b.jpg', '', '[\"29\"]', '[\"14\"]', '[\"20\"]', 3, 1),
(656, 'แปรงขัดทองเหลืองแบบด้ามไม้', 'ENTO-WR-003', '75', '14', 'ด้าม', 4, 'assets/images/product_image/65027ec4e3d89.jpg', '', '[\"29\"]', '[\"14\"]', '[\"20\"]', 3, 1),
(657, 'แปรงลวดแยงจุ๊บ 1*1/2 นิ้ว', 'ENTO-CS-051', '0', '4', 'ด้าม', 2, 'assets/images/product_image/650283f3d07f2.jpg', '', '[\"29\"]', '[\"14\"]', '[\"20\"]', 3, 1),
(658, 'แปรงขัดทองเหลืองแบบมือสวม', 'ENTO-WR-061', '0', '1', 'ด้าม', 1, 'assets/images/product_image/65027fdee2681.jpg', '', '[\"29\"]', '[\"14\"]', '[\"20\"]', 3, 1),
(659, 'แปรงลวดแจงจุ๊บ 2 นิ้ว', 'ENTO-CS-118', '0', '11', 'ด้าม', 4, 'assets/images/product_image/650280b1c3bdc.jpg', '', '[\"29\"]', '[\"14\"]', '[\"20\"]', 3, 1),
(660, 'แปรงทาสี 1 นิ้ว', 'ENCT-OT-003', '15', '10', 'ด้าม', 4, 'assets/images/product_image/650281f38a0c4.jpg', '', '[\"29\"]', '[\"11\"]', '[\"12\"]', 3, 1),
(661, 'แปรงทาสี 2 นิ้ว', 'ENCT-OT-004', '35', '17', 'ด้าม', 4, 'assets/images/product_image/650284dc12324.jpg', '', '[\"29\"]', '[\"11\"]', '[\"12\"]', 3, 1),
(662, 'แปรงทาสี 3 นิ้ว', 'ENCT-OT-005', '50', '10', 'ด้าม', 2, 'assets/images/product_image/6502868d960d0.jpg', '', '[\"29\"]', '[\"11\"]', '[\"12\"]', 3, 1),
(663, 'แปรงทาสี 4 นิ้ว', 'ENCT-OT-006', '65', '14', 'ด้าม', 2, 'assets/images/product_image/650287cbf2ed6.jpg', '', '[\"29\"]', '[\"11\"]', '[\"12\"]', 3, 1),
(664, 'ล้อเก้าอี้สำนักงาน 2 นิ้ว', 'ENCT-OT-103', '0', '15', 'ล้อ', 4, 'assets/images/product_image/6502889d12a60.jpg', '', '[\"29\"]', '[\"46\"]', '[\"19\"]', 3, 1),
(665, 'ยางรองโต๊ะ 1 * 1 นิ้ว', 'ENCT-OT-013', '0', '8', 'ตัว', 4, 'assets/images/product_image/65028a040248c.jpg', '', '[\"29\"]', '[\"14\"]', '[\"20\"]', 3, 1),
(666, 'ยางรองโต๊ะ 1*1/2 * 1*1/2 นิ้ว', 'ENCT-OT-014', '0', '7', 'ตัว', 4, 'assets/images/product_image/65028bd53030c.jpg', '', '[\"29\"]', '[\"14\"]', '[\"19\"]', 3, 1),
(667, 'ยางรองโต๊ะ 2 * 2 นิ้ว', 'ENCT-OT-015', '0', '12', 'ตัว', 2, 'assets/images/product_image/65028cbb517b8.jpg', '', '[\"29\"]', '[\"14\"]', '[\"19\"]', 3, 1),
(668, 'จาระบีฟู้ดเกรด', 'ENSP-OL-015', '0', '17', 'หลอด', 6, 'assets/images/product_image/65028d4dcdaf3.jpg', '', '[\"29\"]', '[\"47\"]', '[\"19\"]', 3, 1),
(669, 'จารบีหลอด Trane Super HT EP', 'ENSP-OL-033', '0', '4', 'หลอด', 4, 'assets/images/product_image/65028e201e66f.jpg', '', '[\"29\"]', '[\"47\"]', '[\"19\"]', 3, 1),
(670, 'ฝาครอบ 3 นิ้ว', 'ENJO-PV-0001', '0', '6', 'ตัว', 2, '<p>You did not select a file to upload.</p>', '', '[\"30\"]', '[\"19\"]', '[\"13\"]', 3, 1),
(671, 'ข้อต่อตรง PVC 1/2 นิ้ว เกลียวนอก', 'ENJO-PV-011', '0', '18', 'ตัว', 2, 'assets/images/product_image/6502bbdd39bdd.jpg', '', '[\"30\"]', '[\"5\"]', '[\"13\"]', 3, 1),
(672, 'ข้องอ 90 องศา 3 นิ้ว', 'ENJO-PV-116', '0', '6', 'ตัว', 2, 'assets/images/product_image/6502bef495bf2.jpg', '', '[\"30\"]', '[\"6\"]', '[\"13\"]', 3, 1),
(673, 'ข้อโค้งงอ 90 องศา 2*1\\2 นิ้ว', 'ENJO-PV-119', '0', '1', 'ตัว', 1, 'assets/images/product_image/6503c521dc976.jpg', '', '[\"30\"]', '[\"6\"]', '[\"13\"]', 3, 1),
(674, 'ข้อโค้งงอ 90 องศา 3 นิ้ว', 'ENJO-PV-118', '0', '2', 'ตัว', 1, 'assets/images/product_image/6503c7582b033.jpg', '', '[\"30\"]', '[\"6\"]', '[\"13\"]', 3, 1),
(675, 'ฝาครอบ PVC 2*1/2 นิ้ว', 'ENJO-PV-099', '0', '13', 'ตัว', 2, 'assets/images/product_image/6503d7f4d6270.jpg', '', '[\"30\"]', '[\"19\"]', '[\"13\"]', 3, 1),
(676, 'Aerotape', 'ENPI-OT-007', '0', '0', 'ม้วน', 2, '<p>You did not select a file to upload.</p>', '', '[\"30\"]', '[\"40\"]', '[\"12\"]', 3, 1),
(677, 'ล้อยูรีเทน ล้อตาย 100 mm', 'ENSP-BE-026', '0', '2', 'ล้อ', 2, 'assets/images/product_image/65080c4926b0c.jpg', '', '[\"29\"]', '[\"46\"]', '[\"19\"]', 3, 1),
(678, 'ล้อยูรีเทน ล้อเป็น 100 mm', 'ENSP-BE-028', '0', '3', 'ล้อ', 2, 'assets/images/product_image/65080ca04a17e.jpg', '', '[\"29\"]', '[\"46\"]', '[\"19\"]', 3, 1),
(679, 'ล้อยูรีเทน ล้อเป็นติดเบรค 100 mm', 'ENSP-BE-004', '0', '6', 'ล้อ', 2, 'assets/images/product_image/65080d10bc4b3.jpg', '', '[\"29\"]', '[\"46\"]', '[\"19\"]', 3, 1),
(680, 'ข้อต่อเข้ากล่อง 3/8 นิ้ว', 'ENET-EQ-112', '0', '19', 'ตัว', 5, 'assets/images/product_image/6509455fb8a98.jpg', '', '[\"30\"]', '[\"5\"]', '[\"13\"]', 3, 1),
(681, 'หน้าแปลน UPVC 1 นิ้ว', 'ENJO-UP-003', '0', '7', 'ตัว', 2, 'assets/images/product_image/6509533d6bc7d.jpg', '', '[\"30\"]', '[\"17\"]', '[\"24\"]', 3, 1),
(682, 'ข้อต่อตรง UPVC 1 นิ้ว', 'ENJO-UP-010', '0', '62', 'ตัว', 2, 'assets/images/product_image/650954d1da55c.jpg', '', '[\"30\"]', '[\"5\"]', '[\"24\"]', 3, 1),
(683, 'ข้อต่อตรง UPVC 1*1/4 นิ้ว', 'ENJO-UP-012', '0', '25', 'ตัว', 2, 'assets/images/product_image/65095538dcd23.jpg', '', '[\"30\"]', '[\"5\"]', '[\"24\"]', 3, 1),
(684, 'ข้อต่อตรง UPVC 1*1/2 นิ้ว', 'ENJO-UP-011', '0', '4', 'ตัว', 1, 'assets/images/product_image/65095599ae413.jpg', '', '[\"30\"]', '[\"5\"]', '[\"24\"]', 3, 1),
(685, 'ยูโบลท์สแตนเลส ขนาด 3/4 นิ้ว', 'ENSP-NS-045', '0', '32', 'ตัว', 5, 'assets/images/product_image/65376b137fb8c.jpg', '', '[\"29\"]', '[\"49\"]', '[\"6\"]', 3, 1),
(686, 'ยูโบลท์สแตนเลส ขนาด 1 นิ้ว', 'ENSP-NS-003', '0', '8', 'ตัว', 3, 'assets/images/product_image/65376c27d119f.jpg', '', '[\"29\"]', '[\"49\"]', '[\"6\"]', 3, 1),
(687, 'ยูโบลท์สแตนเลส ขนาด 1*1/2 นิ้ว', 'ENSP-NS-015', '0', '17', 'ตัว', 3, 'assets/images/product_image/65376cc358993.jpg', '', '[\"29\"]', '[\"49\"]', '[\"6\"]', 3, 1),
(688, 'ยูโบลท์สแตนเลส ขนาด 2 นิ้ว', 'ENSP-NS-037', '0', '19', 'ตัว', 3, 'assets/images/product_image/65376d4c73910.jpg', '', '[\"29\"]', '[\"49\"]', '[\"6\"]', 3, 1),
(689, 'ยูโบลท์สแตนเลส ขนาด 3 นิ้ว', 'ENSP-NS-005', '0', '11', 'ตัว', 2, 'assets/images/product_image/65376e5708973.jpg', '', '[\"29\"]', '[\"49\"]', '[\"6\"]', 3, 1),
(690, 'ยูโบลท์สแตนเลส 4 นิ้ว', 'ENSP-NS-031', '0', '6', 'ตัว', 1, 'assets/images/product_image/65376efd94b67.jpg', '', '[\"29\"]', '[\"49\"]', '[\"6\"]', 3, 1),
(691, 'อายโบลท์สแตนเลส M16', 'ENSP-NS-181', '0', '11', 'ตัว', 4, 'assets/images/product_image/65376fb3c5ccb.jpg', '', '[\"29\"]', '[\"50\"]', '[\"6\"]', 3, 1),
(692, 'สะเก็น ตัวยู ขนาด 1/2 นิ้ว', 'ENSP-NS-052', '0', '13', 'ตัว', 4, 'assets/images/product_image/653770795df3f.jpg', '', '[\"29\"]', '[\"51\"]', '[\"6\"]', 3, 1),
(693, 'สามทาง สตีม 1 นิ้ว แบบเชื่อม', 'ENJO-ST-043', '0', '5', 'ตัว', 2, 'assets/images/product_image/655c62a026322.jpg', '', '[\"29\"]', '[\"8\"]', '[\"5\"]', 3, 1),
(694, 'สามทาง สตีม 2 นิ้ว แบบเชื่อม', 'ENJO-ST-020', '0', '4', 'ตัว', 2, 'assets/images/product_image/655c632224c09.jpg', '', '[\"29\"]', '[\"8\"]', '[\"5\"]', 3, 1),
(695, 'ข้อต่องอลม 12 mm เกลียว 1/2 mm', 'ENSP-PN-039', '0', '9', 'ตัว', 2, 'assets/images/product_image/655eb64bb5c17.jpg', '', '[\"30\"]', '[\"6\"]', '[\"9\"]', 3, 1),
(696, 'ดอกสว่าน 9 mm high speed', 'ENTO-CS-050', '0', '10', 'ดอก', 2, 'assets/images/product_image/65602941a616e.jpg', '', '[\"30\"]', '[\"45\"]', '[\"12\"]', 3, 1),
(697, 'ดอกสว่าน 12 mm high speed', 'ENTO-CS-022', '0', '5', 'ดอก', 1, 'assets/images/product_image/6560299b57131.jpg', '', '[\"30\"]', '[\"45\"]', '[\"12\"]', 3, 1),
(698, 'ข้อต่องอลม 12 mm เกลียว 3/8 mm', 'ENSP-PN-038', '0', '8', 'ตัว', 2, 'assets/images/product_image/6566ed806d3c8.jpg', '', '[\"30\"]', '[\"52\"]', '[\"26\"]', 3, 1),
(699, 'ข้อต่อตรงลม 12 mm เกลียว 1/4 mm', 'ENJO-OT-014', '0', '6', 'ตัว', 2, 'assets/images/product_image/6566ee14836c7.jpg', '', '[\"30\"]', '[\"52\"]', '[\"26\"]', 3, 1),
(700, 'ข้อต่อตรงลม 12 mm เกลียว 1/2 mm', 'ENSP-PN-027', '0', '10', 'ตัว', 2, 'assets/images/product_image/6566eea15c1d6.jpg', '', '[\"30\"]', '[\"52\"]', '[\"26\"]', 3, 1),
(701, 'ข้อต่อตรงลม 12 mm เกลียว 3/8 mm', 'ENSP-PN-026', '0', '9', 'ตัว', 2, 'assets/images/product_image/6566ef0d69159.jpg', '', '[\"30\"]', '[\"52\"]', '[\"26\"]', 3, 1),
(702, 'ข้อต่อสามทางลม 12 mm', 'ENSP-PN-043', '0', '16', 'ตัว', 2, 'assets/images/product_image/6566f02a7130b.jpg', '', '[\"30\"]', '[\"52\"]', '[\"26\"]', 3, 1),
(703, 'ข้อต่อลมตรง 12 mm', 'ENSP-PN-031', '0', '8', 'ตัว', 2, 'assets/images/product_image/6566f0fd3b09d.jpg', '', '[\"30\"]', '[\"52\"]', '[\"26\"]', 3, 1),
(704, 'ข้อต่อสามทางลม 10 mm', 'ENSP-PN-042', '0', '33', 'ตัว', 2, 'assets/images/product_image/6566f1bfb8b5c.jpg', '', '[\"30\"]', '[\"52\"]', '[\"26\"]', 3, 1),
(705, 'ข้อต่อลมตรง 10 mm', 'ENJO-OT-014', '0', '17', 'ตัว', 2, 'assets/images/product_image/6566f265cfa49.jpg', '', '[\"30\"]', '[\"52\"]', '[\"26\"]', 3, 1),
(706, 'ข้อต่อลมตรงลม 10 mm เกลียว 1/2 นิ้ว', 'ENSP-PN-026', '0', '10', 'ตัว', 2, 'assets/images/product_image/6566f387c5411.jpg', '', '[\"30\"]', '[\"52\"]', '[\"26\"]', 3, 1),
(707, 'ข้อต่อตรงลม 10 mm เกลียว 3/8 นิ้ว', 'ENSP-PN-025', '0', '4', 'ตัว', 2, 'assets/images/product_image/6566f4185a03d.jpg', '', '[\"30\"]', '[\"52\"]', '[\"26\"]', 3, 1),
(708, 'ข้อต่อตรงลม 10 mm เกลียว 1/4 นิ้ว', 'ENSP-PN-024', '0', '11', 'ตัว', 2, 'assets/images/product_image/6566f4b3b8e65.jpg', '', '[\"30\"]', '[\"52\"]', '[\"26\"]', 3, 1),
(709, 'ข้อต่อตรงลม 10 mm เกลียว 1/8 นิ้ว', 'ENSP-PN-023', '0', '0', 'ตัว', 2, '<p>You did not select a file to upload.</p>', '', '[\"30\"]', '[\"52\"]', '[\"26\"]', 3, 1),
(710, 'ข้อต่องอลม 10 mm เกลียว 3/8', 'ENSP-PN-037', '0', '14', 'ตัว', 2, 'assets/images/product_image/6566f5d125a19.jpg', '', '[\"30\"]', '[\"52\"]', '[\"26\"]', 3, 1),
(711, 'ข้อต่องอลม 10 mm เกลียว 1/4', 'ENSP-PN-036', '0', '14', 'ตัว', 2, 'assets/images/product_image/6566f627684bb.jpg', '', '[\"30\"]', '[\"52\"]', '[\"26\"]', 3, 1),
(712, 'ข้อต่องอลม 10 mm เกลียว 1/8 mm', 'ENSP-PN-093', '0', '5', 'ตัว', 2, 'assets/images/product_image/6566f83d9ae12.jpg', '', '[\"30\"]', '[\"52\"]', '[\"26\"]', 3, 1),
(713, 'ข้อต่อลมลด ขนาด 6-8 mm', 'ENSP-PN-044', '0', '13', 'ตัว', 2, 'assets/images/product_image/6566f8d0e0131.jpg', '', '[\"30\"]', '[\"52\"]', '[\"26\"]', 3, 1),
(714, 'ข้อต่องอลม 8 mm เกลียว 1/4 mm', 'ENSP-PN-034', '0', '14', 'ตัว', 2, 'assets/images/product_image/6566f93bd6a87.jpg', '', '[\"30\"]', '[\"52\"]', '[\"26\"]', 3, 1),
(715, 'ข้อต่องอลม 8 mm เกลียว 3/8 mm', 'ENSP-PN-035', '0', '15', 'ตัว', 2, 'assets/images/product_image/6566f99a607dc.jpg', '', '[\"30\"]', '[\"52\"]', '[\"26\"]', 3, 1),
(716, 'ข่อต่อตรงลม 8 mm เกลียว 1/8 นิ้ว', 'ENSP-PN-020', '0', '8', 'ตัว', 2, 'assets/images/product_image/6566fa04ef975.jpg', '', '[\"30\"]', '[\"52\"]', '[\"26\"]', 3, 1),
(717, 'ข้อต่อลมตรง 8 mm เกลียว 1/4 นิ้ว', 'ENSP-PN-021', '15', '2', 'ตัว', 2, 'assets/images/product_image/6566fa6a0eccb.jpg', '', '[\"30\"]', '[\"52\"]', '[\"26\"]', 3, 1),
(718, 'ข้อต่อตรงลม 8 mm เกลียว 3/8', 'ENSP-PN-022', '0', '30', 'ตัว', 2, 'assets/images/product_image/6566fb3aab131.jpg', '', '[\"30\"]', '[\"52\"]', '[\"26\"]', 3, 1),
(719, 'ข้อต่อสามทางลม 8 mm', 'ENSP-PN-041', '0', '14', 'ตัว', 2, 'assets/images/product_image/6566fbb683f44.jpg', '', '[\"30\"]', '[\"52\"]', '[\"26\"]', 3, 1),
(720, 'ข้อต่อตรงลม 8 mm', 'ENJO-OT-013', '0', '25', 'ตัว', 2, 'assets/images/product_image/6566fc2adacb6.jpg', '', '[\"30\"]', '[\"52\"]', '[\"26\"]', 3, 1),
(721, 'ข้อต่อลมลด 10-12 mm', 'ENSP-PN-046', '0', '12', 'ตัว', 2, 'assets/images/product_image/6566fce39dc29.jpg', '', '[\"30\"]', '[\"52\"]', '[\"26\"]', 3, 1),
(722, 'ข้อต่อลมลด 8-10 mm', 'ENSP-PN-045', '0', '7', 'ตัว', 2, 'assets/images/product_image/6566fd8f59352.jpg', '', '[\"30\"]', '[\"52\"]', '[\"26\"]', 3, 1),
(723, 'ถุงลมเครื่องคั้น', 'ENSP-PD-059', '9500', '4', 'ใบ', 4, '<p>You did not select a file to upload.</p>', '', '[\"30\"]', '[\"53\"]', '[\"27\"]', 3, 1),
(724, 'แหวนอีแปะสแตนเลส M5', 'ENSP-NS-090', '0', '1005', 'ตัว', 100, 'assets/images/product_image/65728cda5ea8d.jpg', '', '[\"29\"]', '[\"55\"]', '[\"19\"]', 3, 1),
(725, 'แหวนสปริงสแตนเลส M5', 'ENSP-NS-083', '0', '7606', 'ตัว', 100, 'assets/images/product_image/65728def81e45.jpg', '', '[\"29\"]', '[\"55\"]', '[\"19\"]', 3, 1),
(726, 'หัวน๊อตสแตนเลส M5', 'ENSP-NS-077', '0', '3180', 'ตัว', 100, 'assets/images/product_image/65728e7fd645c.jpg', '', '[\"29\"]', '[\"55\"]', '[\"19\"]', 3, 1),
(727, 'น๊อตสแตนเลส M5 30mm', 'ENSP-NS-025', '0', '500', 'ตัว', 100, 'assets/images/product_image/65728f513a61b.jpg', '', '[\"29\"]', '[\"55\"]', '[\"19\"]', 3, 1),
(728, 'น๊อตสแตนเลส M5 15 mm', 'ENSP-NS-067', '0', '1817', 'ตัว', 100, 'assets/images/product_image/65729000b4b28.jpg', '', '[\"29\"]', '[\"55\"]', '[\"19\"]', 3, 1),
(729, 'แหวนอีแปะสแตนเลส M6', 'ENSP-NS-091', '0', '692', 'ตัว', 100, 'assets/images/product_image/657291b2a0c60.jpg', '', '[\"29\"]', '[\"55\"]', '[\"19\"]', 3, 1),
(730, 'แหวนสปริงสแตนเลส M6', 'ENSP-NS-084', '0', '2210', 'ตัว', 100, 'assets/images/product_image/6572935bb3ae6.jpg', '', '[\"29\"]', '[\"55\"]', '[\"19\"]', 3, 1),
(731, 'หัวน๊อตสแตนเลส M6', 'ENSP-NS-079', '0', '780', 'ตัว', 100, 'assets/images/product_image/657293c06b55c.jpg', '', '[\"29\"]', '[\"55\"]', '[\"19\"]', 3, 1),
(732, 'น๊อตสแตนเลส M6 40 mm', 'ENSP-NS-160', '0', '38', 'ตัว', 10, 'assets/images/product_image/657294fa6fca5.jpg', '', '[\"29\"]', '[\"55\"]', '[\"19\"]', 3, 1),
(733, 'น๊อตสแตนเลส M6 25 mm', 'ENSP-NS-026', '0', '49', 'ตัว', 20, 'assets/images/product_image/657296688f5c2.jpg', '', '[\"29\"]', '[\"55\"]', '[\"19\"]', 3, 1),
(734, 'แหวนอีแปะสแตนเลส M8', 'ENSP-NS-092', '0', '270', 'ตัว', 100, 'assets/images/product_image/6572972caacbd.jpg', '', '[\"29\"]', '[\"55\"]', '[\"19\"]', 3, 1),
(735, 'แหวนสปริงสแตนเลส M8', 'ENSP-NS-085', '0', '1702', 'ตัว', 100, 'assets/images/product_image/657297da086bc.jpg', '', '[\"29\"]', '[\"55\"]', '[\"19\"]', 3, 1),
(736, 'หัวน๊อตสแตนเลส M8', 'ENSP-NS-124', '0', '330', 'ตัว', 100, 'assets/images/product_image/657299ec3b48d.jpg', '', '[\"29\"]', '[\"55\"]', '[\"19\"]', 3, 1),
(737, 'น๊อตสแตนเลส M8 50 mm', 'ENSP-NS-139', '0', '119', 'ตัว', 50, 'assets/images/product_image/65729a5bf3eed.jpg', '', '[\"29\"]', '[\"55\"]', '[\"19\"]', 3, 1),
(738, 'น๊อตสแตนเลส M8 40 mm', 'ENSP-NS-109', '0', '0', 'ตัว', 50, 'assets/images/product_image/65729c508e6a9.jpg', '', '[\"29\"]', '[\"55\"]', '[\"19\"]', 3, 1),
(739, 'น๊อตสแตนเลส M8 30 mm', 'ENSP-NS-027', '0', '232', 'ตัว', 50, 'assets/images/product_image/65729d89b1cb4.jpg', '', '[\"29\"]', '[\"55\"]', '[\"19\"]', 3, 1),
(740, 'น๊อตสแตนเลส M8 25 mm', 'ENSP-NS-188', '0', '186', 'ตัว', 50, 'assets/images/product_image/65729f9f57a86.jpg', '', '[\"29\"]', '[\"55\"]', '[\"19\"]', 3, 1),
(741, 'น๊อตสแตนเลส M8 15 mm', 'ENSP-NS-017', '0', '44', 'ตัว', 25, 'assets/images/product_image/6572ba5117ccf.jpg', '', '[\"29\"]', '[\"55\"]', '[\"19\"]', 3, 1),
(742, 'แหวนอีแปะสแตนเลส M10', 'ENSP-NS-093', '0', '322', 'ตัว', 100, 'assets/images/product_image/6572bb264404c.jpg', '', '[\"30\"]', '[\"55\"]', '[\"19\"]', 3, 1),
(743, 'แหวนสปริงสแตนเลส', 'ENSP-NS-089', '0', '600', 'ตัว', 100, 'assets/images/product_image/6572bbc156f57.jpg', '', '[\"29\"]', '[\"55\"]', '[\"19\"]', 3, 1),
(744, 'หัวน๊อตสแตนเลส M10', 'ENSP-NS-122', '0', '278', 'ตัว', 100, 'assets/images/product_image/6572bd87d678b.jpg', '', '[\"29\"]', '[\"55\"]', '[\"19\"]', 3, 1),
(745, 'น๊อตสแตนเลส M10 100 mm', 'ENSP-NS-161', '0', '24', 'ตัว', 10, 'assets/images/product_image/6572bfe37367a.jpg', '', '[\"29\"]', '[\"55\"]', '[\"19\"]', 3, 1),
(746, 'น๊อตสแตนเลส M10 50 mm', 'ENSP-NS-137', '0', '68', 'ตัว', 20, 'assets/images/product_image/6572c176156d3.jpg', '', '[\"29\"]', '[\"55\"]', '[\"19\"]', 3, 1),
(747, 'น๊อตสแตนเลส M10 40 mm', 'ENSP-NS-028', '0', '109', 'ตัว', 20, 'assets/images/product_image/6572c28869991.jpg', '', '[\"29\"]', '[\"55\"]', '[\"19\"]', 3, 1),
(748, 'น๊อตสแตนเลส M10 25 mm', 'ENSP-NS-013', '0', '74', 'ตัว', 20, 'assets/images/product_image/6572c39e9c409.jpg', '', '[\"29\"]', '[\"55\"]', '[\"19\"]', 3, 1),
(749, 'แหวนอีแปะสแตนเลส M12', 'ENSP-NS-094', '0', '828', 'ตัว', 100, 'assets/images/product_image/6572c6bf041f8.jpg', '', '[\"29\"]', '[\"55\"]', '[\"19\"]', 3, 1),
(750, 'แหวนสปริงสแตนเลส M12', 'ENSP-NS-087', '0', '404', 'ตัว', 100, 'assets/images/product_image/6572c8148a8c9.jpg', '', '[\"29\"]', '[\"55\"]', '[\"19\"]', 3, 1),
(751, 'หัวน๊อตสแตนเลส M12', 'ENSP-NS-081', '0', '323', 'ตัว', 100, 'assets/images/product_image/6572caee50c2b.jpg', '', '[\"29\"]', '[\"55\"]', '[\"19\"]', 3, 1),
(752, 'น๊อตสแตนเลส M12 65 mm', 'ENSP-NS-010', '0', '36', 'ตัว', 20, 'assets/images/product_image/6572cb6ddb898.jpg', '', '[\"29\"]', '[\"55\"]', '[\"19\"]', 3, 1),
(753, 'น๊อตสแตนเลส M12 40 mm', 'ENSP-NS-014', '0', '74', 'ตัว', 20, 'assets/images/product_image/6572cc3a55d32.jpg', '', '[\"29\"]', '[\"55\"]', '[\"19\"]', 3, 1),
(754, 'น๊อตสแตนเลส M12 25 mm', 'ENSP-NS-012', '0', '107', 'ตัว', 20, 'assets/images/product_image/6572ccab91d2d.jpg', '', '[\"29\"]', '[\"55\"]', '[\"19\"]', 3, 1),
(755, 'แหวนอีแปะสแตนเลส M14', 'ENSP-NS-097', '0', '490', 'ตัว', 100, 'assets/images/product_image/6572ce4404eac.jpg', '', '[\"29\"]', '[\"55\"]', '[\"19\"]', 3, 1),
(756, 'แหวนสปริงสแตนเลส M14', 'ENSP-NS-088', '0', '380', 'ตัว', 100, 'assets/images/product_image/6572d0876fb26.jpg', '', '[\"29\"]', '[\"55\"]', '[\"19\"]', 3, 1),
(757, 'หัวน๊อตสแตนเลส M14', 'ENSP-NS-162', '0', '196', 'ตัว', 100, 'assets/images/product_image/6572d0ed9d605.jpg', '', '[\"29\"]', '[\"55\"]', '[\"19\"]', 3, 1),
(758, 'น๊อตสแตนเลส M14 50 mm', 'ENSP-NS-162', '0', '15', 'ตัว', 10, 'assets/images/product_image/6572d18b115b6.jpg', '', '[\"29\"]', '[\"55\"]', '[\"19\"]', 3, 1),
(759, 'น๊อตสแตนเลส M14 30 MM', 'ENSP-NS-095', '0', '93', 'ตัว', 20, 'assets/images/product_image/6572d247c86a7.jpg', '', '[\"29\"]', '[\"55\"]', '[\"19\"]', 3, 1),
(760, 'แหวนอีแปะสแตนเลส M16', 'ENSP-NS-096', '0', '760', 'ตัว', 100, 'assets/images/product_image/6572d38a5f2c3.jpg', '', '[\"29\"]', '[\"55\"]', '[\"19\"]', 3, 1),
(761, 'แหวนสปริงสแตนเลส M16', 'ENSP-NS-089', '0', '470', 'ตัว', 100, 'assets/images/product_image/6572d4af16a57.jpg', '', '[\"30\"]', '[\"55\"]', '[\"19\"]', 3, 1),
(762, 'หัวน๊อตสแตนเลส M16', 'ENSP-NS-103', '0', '270', 'ตัว', 100, 'assets/images/product_image/6572d529c1055.jpg', '', '[\"29\"]', '[\"55\"]', '[\"19\"]', 3, 1),
(763, 'น๊อตสแตนเลส M16 100 mm', 'ENSP-NS-035', '0', '128', 'ตัว', 30, 'assets/images/product_image/6572da0b41606.jpg', '', '[\"29\"]', '[\"55\"]', '[\"19\"]', 3, 1),
(764, 'น๊อตสแตนเลส M16 75 mm', 'ENSP-NS-004', '0', '19', 'ตัว', 10, 'assets/images/product_image/6572dc4eb6d20.jpg', '', '[\"29\"]', '[\"55\"]', '[\"19\"]', 3, 1),
(765, 'น๊อตสแตนเลส M16 65 mm', 'ENSP-NS-158', '0', '112', 'ตัว', 20, 'assets/images/product_image/6572dd2b2f678.jpg', '', '[\"29\"]', '[\"55\"]', '[\"19\"]', 3, 1),
(766, 'น๊อตสแตนเลส M16 60 mm', 'ENSP-NS-020', '0', '28', 'ตัว', 20, 'assets/images/product_image/6572dddc42dd8.jpg', '', '[\"29\"]', '[\"55\"]', '[\"19\"]', 3, 1),
(767, 'น๊อตสแตนเลส M16 50 mm', 'ENSP-NS-016', '0', '42', 'ตัว', 20, 'assets/images/product_image/6572de4def18f.jpg', '', '[\"29\"]', '[\"55\"]', '[\"19\"]', 3, 1);

-- --------------------------------------------------------

--
-- Table structure for table `stores`
--

CREATE TABLE `stores` (
  `id` int(11) NOT NULL,
  `name` varchar(255) NOT NULL,
  `active` int(11) NOT NULL
) ENGINE=InnoDB DEFAULT CHARSET=utf8;

--
-- Dumping data for table `stores`
--

INSERT INTO `stores` (`id`, `name`, `active`) VALUES
(3, 'คลังแผนกวิศวกรรม', 1),
(4, 'คลังสินค้ารวม', 2);

-- --------------------------------------------------------

--
-- Table structure for table `users`
--

CREATE TABLE `users` (
  `id` int(11) NOT NULL,
  `username` varchar(255) NOT NULL,
  `password` varchar(255) NOT NULL,
  `email` varchar(255) NOT NULL,
  `firstname` varchar(255) NOT NULL,
  `lastname` varchar(255) NOT NULL,
  `phone` varchar(255) NOT NULL,
  `gender` int(11) NOT NULL
) ENGINE=InnoDB DEFAULT CHARSET=utf8;

--
-- Dumping data for table `users`
--

INSERT INTO `users` (`id`, `username`, `password`, `email`, `firstname`, `lastname`, `phone`, `gender`) VALUES
(1, 'admin', '$2y$10$yfi5nUQGXUZtMdl27dWAyOd/jMOmATBpiUvJDmUu9hJ5Ro6BE5wsK', 'admin@admin.com', 'ผู้ดูแลระบบ', '', '053673985', 1),
(2, 'engineer', '$2y$10$B8F8kb74bgcXHEkWdatlgOO2j7hCeVa5ajTg/62JfYNETAvf87dA6', 'engineer@nfc.com', 'แผนกวิศวกรรม', '', '26', 1),
(3, 'suriya', '$2y$10$T68McSeFhSZWRU5KKl.zvuQyOoDnAi41ioTm7I3hR6wgCZt6tlB4S', 'suriya@nfc.com', 'สุริยา', 'สมเพชร', '', 1),
(4, 'suphot', '$2y$10$0X6MaFbeKbMezs4uIl.PlecOxatp.a3YvdIV9/mlfRmaRtkhHZbw2', 'suphot@nfc.com', 'สุพจน์', 'ช่างฆ้อง', '', 1),
(5, 'natthaphon', '$2y$10$0X6MaFbeKbMezs4uIl.PlecOxatp.a3YvdIV9/mlfRmaRtkhHZbw2', 'natthaphon@nfc.com', 'ณัฐพล', 'ขันเขียว', '', 1),
(6, 'sarawut', '$2y$10$0X6MaFbeKbMezs4uIl.PlecOxatp.a3YvdIV9/mlfRmaRtkhHZbw2', 'sarawut@nfc.com', 'สราวุฒิ', 'โฆษิตเกียรติคุณ', '', 1),
(7, 'manop', '$2y$10$0X6MaFbeKbMezs4uIl.PlecOxatp.a3YvdIV9/mlfRmaRtkhHZbw2', 'manop@nfc.com', 'มานพ', 'ศรีจุมปา', '', 1),
(9, 'sutep', '$2y$10$0X6MaFbeKbMezs4uIl.PlecOxatp.a3YvdIV9/mlfRmaRtkhHZbw2', 'sutep@nfc.com', 'สุเทพ', 'ปวงรังษี', '', 1),
(10, 'jessakorn', '$2y$10$0X6MaFbeKbMezs4uIl.PlecOxatp.a3YvdIV9/mlfRmaRtkhHZbw2', 'jessakorn@nfc.com', 'เจษกร', 'คำวรรณ์', '', 1),
(11, 'pongsapat', '$2y$10$0X6MaFbeKbMezs4uIl.PlecOxatp.a3YvdIV9/mlfRmaRtkhHZbw2', 'pongsapat@nfc.com', 'พงศพัศ', 'สมใหม่', '', 1),
(12, 'yotsapon', '$2y$10$0X6MaFbeKbMezs4uIl.PlecOxatp.a3YvdIV9/mlfRmaRtkhHZbw2', 'yotsapon@nfc.com', 'ยศพนธ์', 'โพธิ', '', 1),
(13, 'narongsak', '$2y$10$U1o1z6dKnMF8WOhMyrGN0.2PMD21cxCGpQWtF5lf9FGVN1s1O3S1S', 'narongsak@nfc.com', 'ณรงค์ศักดิ์', 'แซ่จาว', '', 1),
(14, 'panuwat', '$2y$10$ch/dD1aS0TOfFb8HxSgyl.PDqEWbbNLhR0UAuSm/YP7HBSkg2kSbK', 'panuwat@nfc.com', 'ภานุวัฒน์', 'ยางรัมย์', '26', 1),
(15, 'komsan2', '$2y$10$6.AKDw1X.GgTzFE2QARCU.VWjRCGojiYXl9WRlbfXAt.R6dxBqmp2', 'komsan2@nfc.com', 'คมสันต์', 'สมบูรณ์ชัย', '26', 1);

-- --------------------------------------------------------

--
-- Table structure for table `user_group`
--

CREATE TABLE `user_group` (
  `id` int(11) NOT NULL,
  `user_id` int(11) NOT NULL,
  `group_id` int(11) NOT NULL
) ENGINE=InnoDB DEFAULT CHARSET=utf8;

--
-- Dumping data for table `user_group`
--

INSERT INTO `user_group` (`id`, `user_id`, `group_id`) VALUES
(1, 1, 1),
(7, 2, 1),
(8, 6, 4),
(9, 3, 4),
(10, 4, 4),
(11, 5, 5),
(12, 6, 5),
(13, 7, 5),
(14, 8, 5),
(15, 9, 5),
(16, 10, 5),
(17, 11, 5),
(18, 12, 5),
(19, 13, 5),
(20, 14, 5),
(21, 15, 5);

--
-- Indexes for dumped tables
--

--
-- Indexes for table `attributes`
--
ALTER TABLE `attributes`
  ADD PRIMARY KEY (`id`);

--
-- Indexes for table `attribute_value`
--
ALTER TABLE `attribute_value`
  ADD PRIMARY KEY (`id`);

--
-- Indexes for table `brands`
--
ALTER TABLE `brands`
  ADD PRIMARY KEY (`id`);

--
-- Indexes for table `categories`
--
ALTER TABLE `categories`
  ADD PRIMARY KEY (`id`);

--
-- Indexes for table `company`
--
ALTER TABLE `company`
  ADD PRIMARY KEY (`id`);

--
-- Indexes for table `groups`
--
ALTER TABLE `groups`
  ADD PRIMARY KEY (`id`);

--
-- Indexes for table `orders`
--
ALTER TABLE `orders`
  ADD PRIMARY KEY (`id`);

--
-- Indexes for table `orders_item`
--
ALTER TABLE `orders_item`
  ADD PRIMARY KEY (`id`);

--
-- Indexes for table `products`
--
ALTER TABLE `products`
  ADD PRIMARY KEY (`id`);

--
-- Indexes for table `stores`
--
ALTER TABLE `stores`
  ADD PRIMARY KEY (`id`);

--
-- Indexes for table `users`
--
ALTER TABLE `users`
  ADD PRIMARY KEY (`id`);

--
-- Indexes for table `user_group`
--
ALTER TABLE `user_group`
  ADD PRIMARY KEY (`id`);

--
-- AUTO_INCREMENT for dumped tables
--

--
-- AUTO_INCREMENT for table `attributes`
--
ALTER TABLE `attributes`
  MODIFY `id` int(11) NOT NULL AUTO_INCREMENT, AUTO_INCREMENT=6;

--
-- AUTO_INCREMENT for table `attribute_value`
--
ALTER TABLE `attribute_value`
  MODIFY `id` int(11) NOT NULL AUTO_INCREMENT, AUTO_INCREMENT=47;

--
-- AUTO_INCREMENT for table `brands`
--
ALTER TABLE `brands`
  MODIFY `id` int(11) NOT NULL AUTO_INCREMENT, AUTO_INCREMENT=56;

--
-- AUTO_INCREMENT for table `categories`
--
ALTER TABLE `categories`
  MODIFY `id` int(11) NOT NULL AUTO_INCREMENT, AUTO_INCREMENT=28;

--
-- AUTO_INCREMENT for table `company`
--
ALTER TABLE `company`
  MODIFY `id` int(11) NOT NULL AUTO_INCREMENT, AUTO_INCREMENT=2;

--
-- AUTO_INCREMENT for table `groups`
--
ALTER TABLE `groups`
  MODIFY `id` int(11) NOT NULL AUTO_INCREMENT, AUTO_INCREMENT=6;

--
-- AUTO_INCREMENT for table `orders`
--
ALTER TABLE `orders`
  MODIFY `id` int(11) NOT NULL AUTO_INCREMENT, AUTO_INCREMENT=225;

--
-- AUTO_INCREMENT for table `orders_item`
--
ALTER TABLE `orders_item`
  MODIFY `id` int(11) NOT NULL AUTO_INCREMENT, AUTO_INCREMENT=986;

--
-- AUTO_INCREMENT for table `products`
--
ALTER TABLE `products`
  MODIFY `id` int(11) NOT NULL AUTO_INCREMENT, AUTO_INCREMENT=768;

--
-- AUTO_INCREMENT for table `stores`
--
ALTER TABLE `stores`
  MODIFY `id` int(11) NOT NULL AUTO_INCREMENT, AUTO_INCREMENT=5;

--
-- AUTO_INCREMENT for table `users`
--
ALTER TABLE `users`
  MODIFY `id` int(11) NOT NULL AUTO_INCREMENT, AUTO_INCREMENT=16;

--
-- AUTO_INCREMENT for table `user_group`
--
ALTER TABLE `user_group`
  MODIFY `id` int(11) NOT NULL AUTO_INCREMENT, AUTO_INCREMENT=22;
COMMIT;

/*!40101 SET CHARACTER_SET_CLIENT=@OLD_CHARACTER_SET_CLIENT */;
/*!40101 SET CHARACTER_SET_RESULTS=@OLD_CHARACTER_SET_RESULTS */;
/*!40101 SET COLLATION_CONNECTION=@OLD_COLLATION_CONNECTION */;
